file_name,emotion,intensity,statement,repetition,actor,emotion_str,train
03-01-01-01-01-02-06.wav,0,1,1,2,6,neutral,False
03-01-01-01-02-02-06.wav,0,1,2,2,6,neutral,True
03-01-01-01-02-01-06.wav,0,1,2,1,6,neutral,True
03-01-01-01-01-01-06.wav,0,1,1,1,6,neutral,False
03-01-02-01-01-01-06.wav,1,1,1,1,6,calm,True
03-01-02-02-02-01-06.wav,1,2,2,1,6,calm,False
03-01-03-01-02-01-06.wav,2,1,2,1,6,happy,True
03-01-02-02-01-01-06.wav,1,2,1,1,6,calm,False
03-01-03-01-01-02-06.wav,2,1,1,2,6,happy,True
03-01-02-02-02-02-06.wav,1,2,2,2,6,calm,True
03-01-02-02-01-02-06.wav,1,2,1,2,6,calm,True
03-01-03-01-01-01-06.wav,2,1,1,1,6,happy,True
03-01-03-01-02-02-06.wav,2,1,2,2,6,happy,True
03-01-02-01-02-02-06.wav,1,1,2,2,6,calm,True
03-01-02-01-02-01-06.wav,1,1,2,1,6,calm,True
03-01-02-01-01-02-06.wav,1,1,1,2,6,calm,True
03-01-04-02-01-02-06.wav,3,2,1,2,6,sad,True
03-01-03-02-01-02-06.wav,2,2,1,2,6,happy,True
03-01-04-01-01-02-06.wav,3,1,1,2,6,sad,False
03-01-04-02-01-01-06.wav,3,2,1,1,6,sad,True
03-01-03-02-02-01-06.wav,2,2,2,1,6,happy,True
03-01-04-02-02-02-06.wav,3,2,2,2,6,sad,True
03-01-04-02-02-01-06.wav,3,2,2,1,6,sad,True
03-01-04-01-02-01-06.wav,3,1,2,1,6,sad,True
03-01-03-02-01-01-06.wav,2,2,1,1,6,happy,True
03-01-04-01-01-01-06.wav,3,1,1,1,6,sad,True
03-01-04-01-02-02-06.wav,3,1,2,2,6,sad,True
03-01-03-02-02-02-06.wav,2,2,2,2,6,happy,True
03-01-06-02-01-01-06.wav,5,2,1,1,6,fearful,False
03-01-06-01-01-01-06.wav,5,1,1,1,6,fearful,True
03-01-06-01-02-02-06.wav,5,1,2,2,6,fearful,True
03-01-05-01-02-02-06.wav,4,1,2,2,6,angry,True
03-01-06-01-02-01-06.wav,5,1,2,1,6,fearful,True
03-01-05-02-01-02-06.wav,4,2,1,2,6,angry,True
03-01-05-01-01-01-06.wav,4,1,1,1,6,angry,False
03-01-06-01-01-02-06.wav,5,1,1,2,6,fearful,True
03-01-06-02-02-02-06.wav,5,2,2,2,6,fearful,False
03-01-05-02-02-01-06.wav,4,2,2,1,6,angry,True
03-01-05-02-02-02-06.wav,4,2,2,2,6,angry,True
03-01-05-02-01-01-06.wav,4,2,1,1,6,angry,True
03-01-06-02-01-02-06.wav,5,2,1,2,6,fearful,False
03-01-06-02-02-01-06.wav,5,2,2,1,6,fearful,True
03-01-05-01-01-02-06.wav,4,1,1,2,6,angry,True
03-01-05-01-02-01-06.wav,4,1,2,1,6,angry,True
03-01-07-01-02-01-06.wav,6,1,2,1,6,disgust,False
03-01-07-02-01-02-06.wav,6,2,1,2,6,disgust,True
03-01-07-01-01-01-06.wav,6,1,1,1,6,disgust,True
03-01-08-02-01-02-06.wav,7,2,1,2,6,surprise,False
03-01-08-01-02-02-06.wav,7,1,2,2,6,surprise,False
03-01-08-01-01-01-06.wav,7,1,1,1,6,surprise,True
03-01-08-01-01-02-06.wav,7,1,1,2,6,surprise,True
03-01-07-01-02-02-06.wav,6,1,2,2,6,disgust,False
03-01-07-02-01-01-06.wav,6,2,1,1,6,disgust,True
03-01-07-01-01-02-06.wav,6,1,1,2,6,disgust,True
03-01-08-01-02-01-06.wav,7,1,2,1,6,surprise,True
03-01-08-02-01-01-06.wav,7,2,1,1,6,surprise,True
03-01-07-02-02-01-06.wav,6,2,2,1,6,disgust,False
03-01-07-02-02-02-06.wav,6,2,2,2,6,disgust,True
03-01-08-02-02-01-06.wav,7,2,2,1,6,surprise,False
03-01-08-02-02-02-06.wav,7,2,2,2,6,surprise,True
03-01-02-01-02-01-07.wav,1,1,2,1,7,calm,False
03-01-01-01-02-02-07.wav,0,1,2,2,7,neutral,False
03-01-01-01-02-01-07.wav,0,1,2,1,7,neutral,True
03-01-01-01-01-01-07.wav,0,1,1,1,7,neutral,True
03-01-01-01-01-02-07.wav,0,1,1,2,7,neutral,False
03-01-02-01-01-01-07.wav,1,1,1,1,7,calm,True
03-01-02-01-02-02-07.wav,1,1,2,2,7,calm,False
03-01-02-01-01-02-07.wav,1,1,1,2,7,calm,False
03-01-02-02-02-01-07.wav,1,2,2,1,7,calm,False
03-01-03-02-02-02-07.wav,2,2,2,2,7,happy,True
03-01-02-02-01-02-07.wav,1,2,1,2,7,calm,True
03-01-03-02-01-01-07.wav,2,2,1,1,7,happy,True
03-01-03-01-01-02-07.wav,2,1,1,2,7,happy,False
03-01-03-01-02-01-07.wav,2,1,2,1,7,happy,False
03-01-03-01-02-02-07.wav,2,1,2,2,7,happy,True
03-01-02-02-01-01-07.wav,1,2,1,1,7,calm,True
03-01-03-02-02-01-07.wav,2,2,2,1,7,happy,True
03-01-03-02-01-02-07.wav,2,2,1,2,7,happy,True
03-01-04-01-01-01-07.wav,3,1,1,1,7,sad,True
03-01-02-02-02-02-07.wav,1,2,2,2,7,calm,True
03-01-03-01-01-01-07.wav,2,1,1,1,7,happy,False
03-01-04-01-02-02-07.wav,3,1,2,2,7,sad,True
03-01-04-02-02-01-07.wav,3,2,2,1,7,sad,True
03-01-04-02-01-01-07.wav,3,2,1,1,7,sad,False
03-01-05-01-02-01-07.wav,4,1,2,1,7,angry,False
03-01-04-02-01-02-07.wav,3,2,1,2,7,sad,False
03-01-04-02-02-02-07.wav,3,2,2,2,7,sad,True
03-01-05-01-01-01-07.wav,4,1,1,1,7,angry,True
03-01-05-02-01-01-07.wav,4,2,1,1,7,angry,True
03-01-05-01-02-02-07.wav,4,1,2,2,7,angry,True
03-01-04-01-02-01-07.wav,3,1,2,1,7,sad,False
03-01-04-01-01-02-07.wav,3,1,1,2,7,sad,True
03-01-05-01-01-02-07.wav,4,1,1,2,7,angry,True
03-01-05-02-02-01-07.wav,4,2,2,1,7,angry,True
03-01-07-01-01-01-07.wav,6,1,1,1,7,disgust,False
03-01-07-01-01-02-07.wav,6,1,1,2,7,disgust,True
03-01-06-02-02-02-07.wav,5,2,2,2,7,fearful,True
03-01-06-02-01-01-07.wav,5,2,1,1,7,fearful,True
03-01-06-01-02-01-07.wav,5,1,2,1,7,fearful,True
03-01-05-02-02-02-07.wav,4,2,2,2,7,angry,True
03-01-06-02-01-02-07.wav,5,2,1,2,7,fearful,True
03-01-06-01-01-02-07.wav,5,1,1,2,7,fearful,True
03-01-06-02-02-01-07.wav,5,2,2,1,7,fearful,True
03-01-05-02-01-02-07.wav,4,2,1,2,7,angry,True
03-01-06-01-01-01-07.wav,5,1,1,1,7,fearful,True
03-01-06-01-02-02-07.wav,5,1,2,2,7,fearful,False
03-01-08-02-01-02-07.wav,7,2,1,2,7,surprise,False
03-01-07-01-02-02-07.wav,6,1,2,2,7,disgust,False
03-01-07-02-02-01-07.wav,6,2,2,1,7,disgust,True
03-01-08-01-01-02-07.wav,7,1,1,2,7,surprise,True
03-01-08-02-01-01-07.wav,7,2,1,1,7,surprise,True
03-01-08-01-01-01-07.wav,7,1,1,1,7,surprise,True
03-01-08-01-02-02-07.wav,7,1,2,2,7,surprise,True
03-01-07-02-01-02-07.wav,6,2,1,2,7,disgust,True
03-01-08-01-02-01-07.wav,7,1,2,1,7,surprise,True
03-01-07-01-02-01-07.wav,6,1,2,1,7,disgust,True
03-01-07-02-02-02-07.wav,6,2,2,2,7,disgust,True
03-01-07-02-01-01-07.wav,6,2,1,1,7,disgust,False
03-01-08-02-02-02-07.wav,7,2,2,2,7,surprise,True
03-01-08-02-02-01-07.wav,7,2,2,1,7,surprise,True
03-01-02-02-01-01-08.wav,1,2,1,1,8,calm,True
03-01-02-02-02-01-08.wav,1,2,2,1,8,calm,False
03-01-02-01-02-02-08.wav,1,1,2,2,8,calm,True
03-01-02-01-01-01-08.wav,1,1,1,1,8,calm,False
03-01-01-01-02-01-08.wav,0,1,2,1,8,neutral,True
03-01-02-02-01-02-08.wav,1,2,1,2,8,calm,True
03-01-02-01-02-01-08.wav,1,1,2,1,8,calm,True
03-01-01-01-01-01-08.wav,0,1,1,1,8,neutral,True
03-01-01-01-01-02-08.wav,0,1,1,2,8,neutral,True
03-01-01-01-02-02-08.wav,0,1,2,2,8,neutral,True
03-01-02-01-01-02-08.wav,1,1,1,2,8,calm,False
03-01-03-01-02-02-08.wav,2,1,2,2,8,happy,True
03-01-03-02-02-02-08.wav,2,2,2,2,8,happy,True
03-01-03-02-02-01-08.wav,2,2,2,1,8,happy,True
03-01-04-01-02-02-08.wav,3,1,2,2,8,sad,True
03-01-03-02-01-02-08.wav,2,2,1,2,8,happy,True
03-01-03-01-02-01-08.wav,2,1,2,1,8,happy,True
03-01-03-01-01-02-08.wav,2,1,1,2,8,happy,True
03-01-03-02-01-01-08.wav,2,2,1,1,8,happy,False
03-01-02-02-02-02-08.wav,1,2,2,2,8,calm,False
03-01-04-01-01-01-08.wav,3,1,1,1,8,sad,True
03-01-03-01-01-01-08.wav,2,1,1,1,8,happy,True
03-01-04-01-01-02-08.wav,3,1,1,2,8,sad,False
03-01-04-01-02-01-08.wav,3,1,2,1,8,sad,True
03-01-04-02-02-02-08.wav,3,2,2,2,8,sad,True
03-01-05-02-02-01-08.wav,4,2,2,1,8,angry,True
03-01-05-02-01-01-08.wav,4,2,1,1,8,angry,True
03-01-05-02-02-02-08.wav,4,2,2,2,8,angry,True
03-01-05-01-02-02-08.wav,4,1,2,2,8,angry,True
03-01-04-02-01-01-08.wav,3,2,1,1,8,sad,False
03-01-04-02-02-01-08.wav,3,2,2,1,8,sad,True
03-01-05-02-01-02-08.wav,4,2,1,2,8,angry,True
03-01-05-01-02-01-08.wav,4,1,2,1,8,angry,True
03-01-05-01-01-02-08.wav,4,1,1,2,8,angry,True
03-01-04-02-01-02-08.wav,3,2,1,2,8,sad,True
03-01-05-01-01-01-08.wav,4,1,1,1,8,angry,True
03-01-07-01-02-01-08.wav,6,1,2,1,8,disgust,False
03-01-06-01-01-01-08.wav,5,1,1,1,8,fearful,True
03-01-06-02-02-02-08.wav,5,2,2,2,8,fearful,False
03-01-06-02-02-01-08.wav,5,2,2,1,8,fearful,False
03-01-07-01-02-02-08.wav,6,1,2,2,8,disgust,True
03-01-07-01-01-02-08.wav,6,1,1,2,8,disgust,False
03-01-07-01-01-01-08.wav,6,1,1,1,8,disgust,True
03-01-06-02-01-02-08.wav,5,2,1,2,8,fearful,True
03-01-06-01-02-02-08.wav,5,1,2,2,8,fearful,True
03-01-06-01-01-02-08.wav,5,1,1,2,8,fearful,True
03-01-06-02-01-01-08.wav,5,2,1,1,8,fearful,True
03-01-06-01-02-01-08.wav,5,1,2,1,8,fearful,True
03-01-08-02-02-01-08.wav,7,2,2,1,8,surprise,False
03-01-07-02-02-02-08.wav,6,2,2,2,8,disgust,True
03-01-08-02-01-02-08.wav,7,2,1,2,8,surprise,True
03-01-08-01-02-02-08.wav,7,1,2,2,8,surprise,True
03-01-07-02-01-01-08.wav,6,2,1,1,8,disgust,True
03-01-08-01-02-01-08.wav,7,1,2,1,8,surprise,True
03-01-08-02-01-01-08.wav,7,2,1,1,8,surprise,True
03-01-07-02-01-02-08.wav,6,2,1,2,8,disgust,False
03-01-08-01-01-02-08.wav,7,1,1,2,8,surprise,False
03-01-08-01-01-01-08.wav,7,1,1,1,8,surprise,True
03-01-07-02-02-01-08.wav,6,2,2,1,8,disgust,True
03-01-08-02-02-02-08.wav,7,2,2,2,8,surprise,True
03-01-01-01-02-01-09.wav,0,1,2,1,9,neutral,False
03-01-02-01-01-01-09.wav,1,1,1,1,9,calm,False
03-01-02-01-02-02-09.wav,1,1,2,2,9,calm,False
03-01-01-01-01-01-09.wav,0,1,1,1,9,neutral,True
03-01-03-01-01-01-09.wav,2,1,1,1,9,happy,True
03-01-02-02-02-01-09.wav,1,2,2,1,9,calm,False
03-01-03-01-01-02-09.wav,2,1,1,2,9,happy,True
03-01-03-01-02-01-09.wav,2,1,2,1,9,happy,False
03-01-02-02-01-02-09.wav,1,2,1,2,9,calm,True
03-01-02-01-02-01-09.wav,1,1,2,1,9,calm,True
03-01-01-01-02-02-09.wav,0,1,2,2,9,neutral,True
03-01-02-02-01-01-09.wav,1,2,1,1,9,calm,True
03-01-02-02-02-02-09.wav,1,2,2,2,9,calm,True
03-01-02-01-01-02-09.wav,1,1,1,2,9,calm,True
03-01-01-01-01-02-09.wav,0,1,1,2,9,neutral,True
03-01-03-02-02-01-09.wav,2,2,2,1,9,happy,False
03-01-04-01-01-02-09.wav,3,1,1,2,9,sad,True
03-01-03-01-02-02-09.wav,2,1,2,2,9,happy,True
03-01-04-01-01-01-09.wav,3,1,1,1,9,sad,False
03-01-04-02-01-01-09.wav,3,2,1,1,9,sad,True
03-01-03-02-01-02-09.wav,2,2,1,2,9,happy,False
03-01-04-01-02-01-09.wav,3,1,2,1,9,sad,True
03-01-03-02-02-02-09.wav,2,2,2,2,9,happy,False
03-01-04-02-02-01-09.wav,3,2,2,1,9,sad,False
03-01-03-02-01-01-09.wav,2,2,1,1,9,happy,False
03-01-04-01-02-02-09.wav,3,1,2,2,9,sad,True
03-01-04-02-01-02-09.wav,3,2,1,2,9,sad,False
03-01-06-01-01-01-09.wav,5,1,1,1,9,fearful,False
03-01-05-02-01-01-09.wav,4,2,1,1,9,angry,True
03-01-05-01-01-01-09.wav,4,1,1,1,9,angry,True
03-01-05-02-02-01-09.wav,4,2,2,1,9,angry,True
03-01-06-01-01-02-09.wav,5,1,1,2,9,fearful,False
03-01-05-02-02-02-09.wav,4,2,2,2,9,angry,True
03-01-05-01-02-01-09.wav,4,1,2,1,9,angry,True
03-01-05-02-01-02-09.wav,4,2,1,2,9,angry,True
03-01-06-01-02-01-09.wav,5,1,2,1,9,fearful,True
03-01-05-01-01-02-09.wav,4,1,1,2,9,angry,False
03-01-05-01-02-02-09.wav,4,1,2,2,9,angry,True
03-01-04-02-02-02-09.wav,3,2,2,2,9,sad,False
03-01-06-02-02-01-09.wav,5,2,2,1,9,fearful,True
03-01-07-01-01-01-09.wav,6,1,1,1,9,disgust,True
03-01-06-02-01-02-09.wav,5,2,1,2,9,fearful,False
03-01-07-01-02-02-09.wav,6,1,2,2,9,disgust,True
03-01-06-02-01-01-09.wav,5,2,1,1,9,fearful,True
03-01-07-02-02-01-09.wav,6,2,2,1,9,disgust,True
03-01-07-02-01-02-09.wav,6,2,1,2,9,disgust,True
03-01-07-02-01-01-09.wav,6,2,1,1,9,disgust,True
03-01-07-02-02-02-09.wav,6,2,2,2,9,disgust,True
03-01-06-01-02-02-09.wav,5,1,2,2,9,fearful,True
03-01-07-01-02-01-09.wav,6,1,2,1,9,disgust,True
03-01-08-01-01-01-09.wav,7,1,1,1,9,surprise,True
03-01-07-01-01-02-09.wav,6,1,1,2,9,disgust,True
03-01-06-02-02-02-09.wav,5,2,2,2,9,fearful,True
03-01-08-02-02-01-09.wav,7,2,2,1,9,surprise,True
03-01-08-01-01-02-09.wav,7,1,1,2,9,surprise,False
03-01-08-02-01-02-09.wav,7,2,1,2,9,surprise,True
03-01-08-02-01-01-09.wav,7,2,1,1,9,surprise,True
03-01-08-02-02-02-09.wav,7,2,2,2,9,surprise,False
03-01-08-01-02-01-09.wav,7,1,2,1,9,surprise,False
03-01-08-01-02-02-09.wav,7,1,2,2,9,surprise,False
03-01-01-01-01-01-10.wav,0,1,1,1,10,neutral,True
03-01-01-01-01-02-10.wav,0,1,1,2,10,neutral,True
03-01-02-01-01-02-10.wav,1,1,1,2,10,calm,True
03-01-02-02-02-01-10.wav,1,2,2,1,10,calm,True
03-01-02-01-01-01-10.wav,1,1,1,1,10,calm,True
03-01-02-01-02-02-10.wav,1,1,2,2,10,calm,True
03-01-02-02-01-01-10.wav,1,2,1,1,10,calm,True
03-01-02-02-02-02-10.wav,1,2,2,2,10,calm,True
03-01-02-01-02-01-10.wav,1,1,2,1,10,calm,False
03-01-03-01-01-01-10.wav,2,1,1,1,10,happy,True
03-01-01-01-02-02-10.wav,0,1,2,2,10,neutral,True
03-01-03-01-01-02-10.wav,2,1,1,2,10,happy,True
03-01-02-02-01-02-10.wav,1,2,1,2,10,calm,False
03-01-01-01-02-01-10.wav,0,1,2,1,10,neutral,True
03-01-04-01-02-02-10.wav,3,1,2,2,10,sad,False
03-01-04-02-02-02-10.wav,3,2,2,2,10,sad,True
03-01-03-01-02-01-10.wav,2,1,2,1,10,happy,True
03-01-04-01-01-01-10.wav,3,1,1,1,10,sad,False
03-01-04-02-02-01-10.wav,3,2,2,1,10,sad,True
03-01-04-01-01-02-10.wav,3,1,1,2,10,sad,True
03-01-03-02-02-02-10.wav,2,2,2,2,10,happy,True
03-01-03-02-02-01-10.wav,2,2,2,1,10,happy,True
03-01-04-01-02-01-10.wav,3,1,2,1,10,sad,True
03-01-04-02-01-02-10.wav,3,2,1,2,10,sad,True
03-01-03-01-02-02-10.wav,2,1,2,2,10,happy,False
03-01-04-02-01-01-10.wav,3,2,1,1,10,sad,True
03-01-03-02-01-01-10.wav,2,2,1,1,10,happy,True
03-01-03-02-01-02-10.wav,2,2,1,2,10,happy,False
03-01-05-01-01-01-10.wav,4,1,1,1,10,angry,True
03-01-05-01-01-02-10.wav,4,1,1,2,10,angry,True
03-01-05-01-02-02-10.wav,4,1,2,2,10,angry,True
03-01-06-01-01-01-10.wav,5,1,1,1,10,fearful,True
03-01-05-01-02-01-10.wav,4,1,2,1,10,angry,True
03-01-06-01-02-01-10.wav,5,1,2,1,10,fearful,True
03-01-05-02-01-01-10.wav,4,2,1,1,10,angry,True
03-01-05-02-02-01-10.wav,4,2,2,1,10,angry,True
03-01-06-01-02-02-10.wav,5,1,2,2,10,fearful,True
03-01-05-02-01-02-10.wav,4,2,1,2,10,angry,True
03-01-06-01-01-02-10.wav,5,1,1,2,10,fearful,False
03-01-05-02-02-02-10.wav,4,2,2,2,10,angry,True
03-01-06-02-01-01-10.wav,5,2,1,1,10,fearful,False
03-01-07-01-01-01-10.wav,6,1,1,1,10,disgust,False
03-01-06-02-01-02-10.wav,5,2,1,2,10,fearful,True
03-01-07-01-02-02-10.wav,6,1,2,2,10,disgust,False
03-01-07-02-01-02-10.wav,6,2,1,2,10,disgust,True
03-01-07-01-01-02-10.wav,6,1,1,2,10,disgust,True
03-01-07-01-02-01-10.wav,6,1,2,1,10,disgust,True
03-01-07-02-01-01-10.wav,6,2,1,1,10,disgust,True
03-01-07-02-02-01-10.wav,6,2,2,1,10,disgust,False
03-01-06-02-02-02-10.wav,5,2,2,2,10,fearful,False
03-01-06-02-02-01-10.wav,5,2,2,1,10,fearful,True
03-01-08-02-02-02-10.wav,7,2,2,2,10,surprise,True
03-01-08-01-01-02-10.wav,7,1,1,2,10,surprise,True
03-01-07-02-02-02-10.wav,6,2,2,2,10,disgust,False
03-01-08-02-01-01-10.wav,7,2,1,1,10,surprise,True
03-01-08-01-01-01-10.wav,7,1,1,1,10,surprise,True
03-01-08-02-02-01-10.wav,7,2,2,1,10,surprise,True
03-01-08-02-01-02-10.wav,7,2,1,2,10,surprise,False
03-01-08-01-02-01-10.wav,7,1,2,1,10,surprise,True
03-01-08-01-02-02-10.wav,7,1,2,2,10,surprise,False
03-01-01-01-01-02-11.wav,0,1,1,2,11,neutral,True
03-01-01-01-01-01-11.wav,0,1,1,1,11,neutral,True
03-01-02-02-01-02-11.wav,1,2,1,2,11,calm,True
03-01-02-01-02-01-11.wav,1,1,2,1,11,calm,False
03-01-01-01-02-02-11.wav,0,1,2,2,11,neutral,True
03-01-02-01-01-02-11.wav,1,1,1,2,11,calm,True
03-01-01-01-02-01-11.wav,0,1,2,1,11,neutral,True
03-01-02-01-02-02-11.wav,1,1,2,2,11,calm,True
03-01-02-01-01-01-11.wav,1,1,1,1,11,calm,False
03-01-02-02-01-01-11.wav,1,2,1,1,11,calm,True
03-01-02-02-02-01-11.wav,1,2,2,1,11,calm,False
03-01-03-02-02-01-11.wav,2,2,2,1,11,happy,True
03-01-03-02-02-02-11.wav,2,2,2,2,11,happy,True
03-01-03-02-01-02-11.wav,2,2,1,2,11,happy,False
03-01-03-01-01-01-11.wav,2,1,1,1,11,happy,True
03-01-03-02-01-01-11.wav,2,2,1,1,11,happy,True
03-01-03-01-02-02-11.wav,2,1,2,2,11,happy,True
03-01-04-01-02-01-11.wav,3,1,2,1,11,sad,True
03-01-02-02-02-02-11.wav,1,2,2,2,11,calm,True
03-01-04-01-02-02-11.wav,3,1,2,2,11,sad,True
03-01-04-02-01-01-11.wav,3,2,1,1,11,sad,False
03-01-04-01-01-01-11.wav,3,1,1,1,11,sad,True
03-01-03-01-01-02-11.wav,2,1,1,2,11,happy,True
03-01-04-01-01-02-11.wav,3,1,1,2,11,sad,False
03-01-03-01-02-01-11.wav,2,1,2,1,11,happy,True
03-01-06-01-01-02-11.wav,5,1,1,2,11,fearful,True
03-01-06-01-01-01-11.wav,5,1,1,1,11,fearful,False
03-01-05-02-01-01-11.wav,4,2,1,1,11,angry,True
03-01-05-02-01-02-11.wav,4,2,1,2,11,angry,False
03-01-04-02-02-01-11.wav,3,2,2,1,11,sad,True
03-01-05-01-01-01-11.wav,4,1,1,1,11,angry,True
03-01-05-02-02-01-11.wav,4,2,2,1,11,angry,False
03-01-05-01-02-02-11.wav,4,1,2,2,11,angry,True
03-01-04-02-01-02-11.wav,3,2,1,2,11,sad,False
03-01-06-01-02-01-11.wav,5,1,2,1,11,fearful,True
03-01-04-02-02-02-11.wav,3,2,2,2,11,sad,True
03-01-05-01-01-02-11.wav,4,1,1,2,11,angry,True
03-01-05-02-02-02-11.wav,4,2,2,2,11,angry,True
03-01-05-01-02-01-11.wav,4,1,2,1,11,angry,False
03-01-07-02-02-01-11.wav,6,2,2,1,11,disgust,True
03-01-07-01-02-01-11.wav,6,1,2,1,11,disgust,False
03-01-07-01-02-02-11.wav,6,1,2,2,11,disgust,True
03-01-07-01-01-02-11.wav,6,1,1,2,11,disgust,True
03-01-06-02-02-01-11.wav,5,2,2,1,11,fearful,True
03-01-07-02-02-02-11.wav,6,2,2,2,11,disgust,True
03-01-07-01-01-01-11.wav,6,1,1,1,11,disgust,True
03-01-08-01-01-01-11.wav,7,1,1,1,11,surprise,True
03-01-06-02-02-02-11.wav,5,2,2,2,11,fearful,True
03-01-06-02-01-01-11.wav,5,2,1,1,11,fearful,True
03-01-07-02-01-01-11.wav,6,2,1,1,11,disgust,True
03-01-06-01-02-02-11.wav,5,1,2,2,11,fearful,True
03-01-06-02-01-02-11.wav,5,2,1,2,11,fearful,True
03-01-07-02-01-02-11.wav,6,2,1,2,11,disgust,False
03-01-08-01-01-02-11.wav,7,1,1,2,11,surprise,True
03-01-08-02-02-02-11.wav,7,2,2,2,11,surprise,True
03-01-08-02-02-01-11.wav,7,2,2,1,11,surprise,False
03-01-08-01-02-01-11.wav,7,1,2,1,11,surprise,True
03-01-08-01-02-02-11.wav,7,1,2,2,11,surprise,True
03-01-08-02-01-02-11.wav,7,2,1,2,11,surprise,False
03-01-08-02-01-01-11.wav,7,2,1,1,11,surprise,False
03-01-02-01-02-01-12.wav,1,1,2,1,12,calm,True
03-01-01-01-01-02-12.wav,0,1,1,2,12,neutral,True
03-01-01-01-02-02-12.wav,0,1,2,2,12,neutral,True
03-01-02-01-01-02-12.wav,1,1,1,2,12,calm,True
03-01-01-01-01-01-12.wav,0,1,1,1,12,neutral,True
03-01-02-01-01-01-12.wav,1,1,1,1,12,calm,True
03-01-01-01-02-01-12.wav,0,1,2,1,12,neutral,True
03-01-02-02-01-02-12.wav,1,2,1,2,12,calm,True
03-01-02-02-02-02-12.wav,1,2,2,2,12,calm,True
03-01-03-01-01-02-12.wav,2,1,1,2,12,happy,True
03-01-03-02-02-01-12.wav,2,2,2,1,12,happy,True
03-01-02-02-01-01-12.wav,1,2,1,1,12,calm,True
03-01-02-02-02-01-12.wav,1,2,2,1,12,calm,True
03-01-03-02-01-01-12.wav,2,2,1,1,12,happy,True
03-01-03-01-02-02-12.wav,2,1,2,2,12,happy,True
03-01-03-01-01-01-12.wav,2,1,1,1,12,happy,True
03-01-03-02-01-02-12.wav,2,2,1,2,12,happy,True
03-01-03-01-02-01-12.wav,2,1,2,1,12,happy,True
03-01-02-01-02-02-12.wav,1,1,2,2,12,calm,True
03-01-04-01-01-01-12.wav,3,1,1,1,12,sad,False
03-01-04-01-02-02-12.wav,3,1,2,2,12,sad,True
03-01-04-02-02-02-12.wav,3,2,2,2,12,sad,True
03-01-05-01-01-01-12.wav,4,1,1,1,12,angry,False
03-01-05-01-02-01-12.wav,4,1,2,1,12,angry,True
03-01-04-02-02-01-12.wav,3,2,2,1,12,sad,True
03-01-05-01-02-02-12.wav,4,1,2,2,12,angry,False
03-01-04-01-02-01-12.wav,3,1,2,1,12,sad,False
03-01-04-02-01-02-12.wav,3,2,1,2,12,sad,True
03-01-05-01-01-02-12.wav,4,1,1,2,12,angry,False
03-01-04-02-01-01-12.wav,3,2,1,1,12,sad,True
03-01-03-02-02-02-12.wav,2,2,2,2,12,happy,True
03-01-04-01-01-02-12.wav,3,1,1,2,12,sad,True
03-01-06-02-02-02-12.wav,5,2,2,2,12,fearful,True
03-01-05-02-02-01-12.wav,4,2,2,1,12,angry,True
03-01-06-01-01-02-12.wav,5,1,1,2,12,fearful,True
03-01-05-02-01-01-12.wav,4,2,1,1,12,angry,True
03-01-06-01-02-01-12.wav,5,1,2,1,12,fearful,True
03-01-06-02-01-02-12.wav,5,2,1,2,12,fearful,True
03-01-05-02-02-02-12.wav,4,2,2,2,12,angry,True
03-01-06-02-01-01-12.wav,5,2,1,1,12,fearful,True
03-01-05-02-01-02-12.wav,4,2,1,2,12,angry,True
03-01-06-02-02-01-12.wav,5,2,2,1,12,fearful,True
03-01-06-01-01-01-12.wav,5,1,1,1,12,fearful,False
03-01-06-01-02-02-12.wav,5,1,2,2,12,fearful,False
03-01-07-01-02-01-12.wav,6,1,2,1,12,disgust,True
03-01-07-02-02-01-12.wav,6,2,2,1,12,disgust,True
03-01-08-01-02-01-12.wav,7,1,2,1,12,surprise,True
03-01-07-02-01-01-12.wav,6,2,1,1,12,disgust,True
03-01-08-02-01-01-12.wav,7,2,1,1,12,surprise,False
03-01-07-02-01-02-12.wav,6,2,1,2,12,disgust,False
03-01-07-01-01-02-12.wav,6,1,1,2,12,disgust,True
03-01-08-01-01-01-12.wav,7,1,1,1,12,surprise,True
03-01-08-01-01-02-12.wav,7,1,1,2,12,surprise,True
03-01-07-01-01-01-12.wav,6,1,1,1,12,disgust,True
03-01-07-02-02-02-12.wav,6,2,2,2,12,disgust,True
03-01-07-01-02-02-12.wav,6,1,2,2,12,disgust,False
03-01-08-01-02-02-12.wav,7,1,2,2,12,surprise,True
03-01-08-02-01-02-12.wav,7,2,1,2,12,surprise,True
03-01-08-02-02-01-12.wav,7,2,2,1,12,surprise,True
03-01-08-02-02-02-12.wav,7,2,2,2,12,surprise,True
03-01-02-01-01-02-13.wav,1,1,1,2,13,calm,True
03-01-01-01-01-01-13.wav,0,1,1,1,13,neutral,False
03-01-01-01-02-01-13.wav,0,1,2,1,13,neutral,True
03-01-02-01-01-01-13.wav,1,1,1,1,13,calm,False
03-01-01-01-01-02-13.wav,0,1,1,2,13,neutral,True
03-01-01-01-02-02-13.wav,0,1,2,2,13,neutral,True
03-01-02-01-02-02-13.wav,1,1,2,2,13,calm,True
03-01-03-01-01-02-13.wav,2,1,1,2,13,happy,True
03-01-03-01-01-01-13.wav,2,1,1,1,13,happy,True
03-01-02-01-02-01-13.wav,1,1,2,1,13,calm,True
03-01-03-02-02-01-13.wav,2,2,2,1,13,happy,True
03-01-02-02-02-02-13.wav,1,2,2,2,13,calm,False
03-01-02-02-02-01-13.wav,1,2,2,1,13,calm,True
03-01-02-02-01-02-13.wav,1,2,1,2,13,calm,False
03-01-03-01-02-02-13.wav,2,1,2,2,13,happy,False
03-01-02-02-01-01-13.wav,1,2,1,1,13,calm,True
03-01-03-01-02-01-13.wav,2,1,2,1,13,happy,True
03-01-03-02-01-01-13.wav,2,2,1,1,13,happy,False
03-01-03-02-01-02-13.wav,2,2,1,2,13,happy,True
03-01-04-01-02-01-13.wav,3,1,2,1,13,sad,False
03-01-05-01-02-01-13.wav,4,1,2,1,13,angry,False
03-01-04-02-02-02-13.wav,3,2,2,2,13,sad,True
03-01-04-01-01-02-13.wav,3,1,1,2,13,sad,True
03-01-05-01-01-01-13.wav,4,1,1,1,13,angry,True
03-01-04-02-01-02-13.wav,3,2,1,2,13,sad,True
03-01-04-01-02-02-13.wav,3,1,2,2,13,sad,False
03-01-05-01-01-02-13.wav,4,1,1,2,13,angry,True
03-01-04-01-01-01-13.wav,3,1,1,1,13,sad,False
03-01-03-02-02-02-13.wav,2,2,2,2,13,happy,True
03-01-05-01-02-02-13.wav,4,1,2,2,13,angry,True
03-01-04-02-02-01-13.wav,3,2,2,1,13,sad,True
03-01-04-02-01-01-13.wav,3,2,1,1,13,sad,False
03-01-06-01-01-01-13.wav,5,1,1,1,13,fearful,True
03-01-06-01-01-02-13.wav,5,1,1,2,13,fearful,True
03-01-05-02-01-01-13.wav,4,2,1,1,13,angry,True
03-01-06-02-02-02-13.wav,5,2,2,2,13,fearful,False
03-01-05-02-01-02-13.wav,4,2,1,2,13,angry,True
03-01-06-02-01-01-13.wav,5,2,1,1,13,fearful,True
03-01-07-01-01-01-13.wav,6,1,1,1,13,disgust,True
03-01-06-02-01-02-13.wav,5,2,1,2,13,fearful,True
03-01-07-01-01-02-13.wav,6,1,1,2,13,disgust,False
03-01-05-02-02-02-13.wav,4,2,2,2,13,angry,True
03-01-06-01-02-01-13.wav,5,1,2,1,13,fearful,False
03-01-06-02-02-01-13.wav,5,2,2,1,13,fearful,True
03-01-05-02-02-01-13.wav,4,2,2,1,13,angry,True
03-01-06-01-02-02-13.wav,5,1,2,2,13,fearful,True
03-01-08-02-01-02-13.wav,7,2,1,2,13,surprise,False
03-01-08-02-01-01-13.wav,7,2,1,1,13,surprise,True
03-01-07-02-02-01-13.wav,6,2,2,1,13,disgust,False
03-01-08-01-02-01-13.wav,7,1,2,1,13,surprise,True
03-01-07-01-02-01-13.wav,6,1,2,1,13,disgust,True
03-01-08-01-01-02-13.wav,7,1,1,2,13,surprise,True
03-01-07-02-01-02-13.wav,6,2,1,2,13,disgust,True
03-01-08-02-02-02-13.wav,7,2,2,2,13,surprise,True
03-01-07-02-02-02-13.wav,6,2,2,2,13,disgust,False
03-01-07-02-01-01-13.wav,6,2,1,1,13,disgust,True
03-01-08-01-01-01-13.wav,7,1,1,1,13,surprise,True
03-01-08-02-02-01-13.wav,7,2,2,1,13,surprise,False
03-01-07-01-02-02-13.wav,6,1,2,2,13,disgust,True
03-01-08-01-02-02-13.wav,7,1,2,2,13,surprise,True
03-01-02-02-01-02-14.wav,1,2,1,2,14,calm,True
03-01-01-01-02-02-14.wav,0,1,2,2,14,neutral,True
03-01-02-01-02-02-14.wav,1,1,2,2,14,calm,True
03-01-01-01-01-02-14.wav,0,1,1,2,14,neutral,True
03-01-01-01-02-01-14.wav,0,1,2,1,14,neutral,True
03-01-02-01-02-01-14.wav,1,1,2,1,14,calm,True
03-01-01-01-01-01-14.wav,0,1,1,1,14,neutral,False
03-01-02-01-01-01-14.wav,1,1,1,1,14,calm,True
03-01-02-01-01-02-14.wav,1,1,1,2,14,calm,False
03-01-02-02-02-01-14.wav,1,2,2,1,14,calm,True
03-01-02-02-01-01-14.wav,1,2,1,1,14,calm,True
03-01-02-02-02-02-14.wav,1,2,2,2,14,calm,True
03-01-03-01-02-01-14.wav,2,1,2,1,14,happy,True
03-01-03-01-01-01-14.wav,2,1,1,1,14,happy,True
03-01-03-02-01-01-14.wav,2,2,1,1,14,happy,True
03-01-03-02-01-02-14.wav,2,2,1,2,14,happy,True
03-01-03-01-02-02-14.wav,2,1,2,2,14,happy,True
03-01-03-02-02-01-14.wav,2,2,2,1,14,happy,False
03-01-03-02-02-02-14.wav,2,2,2,2,14,happy,False
03-01-04-01-01-02-14.wav,3,1,1,2,14,sad,True
03-01-04-01-01-01-14.wav,3,1,1,1,14,sad,False
03-01-04-01-02-02-14.wav,3,1,2,2,14,sad,True
03-01-04-01-02-01-14.wav,3,1,2,1,14,sad,True
03-01-03-01-01-02-14.wav,2,1,1,2,14,happy,True
03-01-05-01-01-02-14.wav,4,1,1,2,14,angry,True
03-01-05-02-02-02-14.wav,4,2,2,2,14,angry,True
03-01-05-01-02-02-14.wav,4,1,2,2,14,angry,True
03-01-05-02-02-01-14.wav,4,2,2,1,14,angry,True
03-01-05-02-01-02-14.wav,4,2,1,2,14,angry,False
03-01-05-01-01-01-14.wav,4,1,1,1,14,angry,True
03-01-04-02-01-02-14.wav,3,2,1,2,14,sad,True
03-01-04-02-02-02-14.wav,3,2,2,2,14,sad,True
03-01-05-02-01-01-14.wav,4,2,1,1,14,angry,True
03-01-04-02-01-01-14.wav,3,2,1,1,14,sad,False
03-01-04-02-02-01-14.wav,3,2,2,1,14,sad,True
03-01-05-01-02-01-14.wav,4,1,2,1,14,angry,False
03-01-06-02-01-02-14.wav,5,2,1,2,14,fearful,True
03-01-06-01-01-01-14.wav,5,1,1,1,14,fearful,False
03-01-07-01-01-01-14.wav,6,1,1,1,14,disgust,True
03-01-06-02-02-02-14.wav,5,2,2,2,14,fearful,True
03-01-06-02-01-01-14.wav,5,2,1,1,14,fearful,True
03-01-07-02-01-01-14.wav,6,2,1,1,14,disgust,True
03-01-07-01-02-02-14.wav,6,1,2,2,14,disgust,True
03-01-06-01-02-01-14.wav,5,1,2,1,14,fearful,True
03-01-06-02-02-01-14.wav,5,2,2,1,14,fearful,True
03-01-07-01-02-01-14.wav,6,1,2,1,14,disgust,True
03-01-07-01-01-02-14.wav,6,1,1,2,14,disgust,True
03-01-06-01-01-02-14.wav,5,1,1,2,14,fearful,True
03-01-06-01-02-02-14.wav,5,1,2,2,14,fearful,False
03-01-08-01-02-02-14.wav,7,1,2,2,14,surprise,True
03-01-08-02-02-02-14.wav,7,2,2,2,14,surprise,True
03-01-07-02-02-02-14.wav,6,2,2,2,14,disgust,True
03-01-08-02-01-02-14.wav,7,2,1,2,14,surprise,False
03-01-08-01-02-01-14.wav,7,1,2,1,14,surprise,False
03-01-07-02-01-02-14.wav,6,2,1,2,14,disgust,True
03-01-08-02-01-01-14.wav,7,2,1,1,14,surprise,True
03-01-08-02-02-01-14.wav,7,2,2,1,14,surprise,True
03-01-07-02-02-01-14.wav,6,2,2,1,14,disgust,True
03-01-08-01-01-01-14.wav,7,1,1,1,14,surprise,True
03-01-08-01-01-02-14.wav,7,1,1,2,14,surprise,True
03-01-01-01-02-01-15.wav,0,1,2,1,15,neutral,True
03-01-01-01-01-01-15.wav,0,1,1,1,15,neutral,True
03-01-02-02-01-01-15.wav,1,2,1,1,15,calm,True
03-01-02-02-02-02-15.wav,1,2,2,2,15,calm,True
03-01-01-01-01-02-15.wav,0,1,1,2,15,neutral,False
03-01-03-01-01-02-15.wav,2,1,1,2,15,happy,False
03-01-02-02-02-01-15.wav,1,2,2,1,15,calm,True
03-01-02-01-01-02-15.wav,1,1,1,2,15,calm,True
03-01-02-01-02-01-15.wav,1,1,2,1,15,calm,True
03-01-02-02-01-02-15.wav,1,2,1,2,15,calm,False
03-01-01-01-02-02-15.wav,0,1,2,2,15,neutral,False
03-01-02-01-02-02-15.wav,1,1,2,2,15,calm,True
03-01-02-01-01-01-15.wav,1,1,1,1,15,calm,True
03-01-03-01-01-01-15.wav,2,1,1,1,15,happy,True
03-01-04-01-02-01-15.wav,3,1,2,1,15,sad,False
03-01-03-02-01-01-15.wav,2,2,1,1,15,happy,True
03-01-04-02-02-01-15.wav,3,2,2,1,15,sad,True
03-01-03-01-02-02-15.wav,2,1,2,2,15,happy,True
03-01-03-02-01-02-15.wav,2,2,1,2,15,happy,True
03-01-03-02-02-02-15.wav,2,2,2,2,15,happy,True
03-01-03-01-02-01-15.wav,2,1,2,1,15,happy,True
03-01-04-02-01-01-15.wav,3,2,1,1,15,sad,True
03-01-04-01-02-02-15.wav,3,1,2,2,15,sad,True
03-01-04-02-01-02-15.wav,3,2,1,2,15,sad,True
03-01-03-02-02-01-15.wav,2,2,2,1,15,happy,False
03-01-04-01-01-01-15.wav,3,1,1,1,15,sad,True
03-01-04-01-01-02-15.wav,3,1,1,2,15,sad,True
03-01-05-02-01-01-15.wav,4,2,1,1,15,angry,True
03-01-05-01-02-01-15.wav,4,1,2,1,15,angry,True
03-01-05-01-02-02-15.wav,4,1,2,2,15,angry,True
03-01-06-01-01-02-15.wav,5,1,1,2,15,fearful,True
03-01-05-02-02-01-15.wav,4,2,2,1,15,angry,True
03-01-05-02-01-02-15.wav,4,2,1,2,15,angry,True
03-01-06-01-02-01-15.wav,5,1,2,1,15,fearful,True
03-01-05-01-01-01-15.wav,4,1,1,1,15,angry,False
03-01-04-02-02-02-15.wav,3,2,2,2,15,sad,True
03-01-05-01-01-02-15.wav,4,1,1,2,15,angry,False
03-01-05-02-02-02-15.wav,4,2,2,2,15,angry,True
03-01-06-01-01-01-15.wav,5,1,1,1,15,fearful,True
03-01-07-01-02-01-15.wav,6,1,2,1,15,disgust,True
03-01-07-01-02-02-15.wav,6,1,2,2,15,disgust,True
03-01-06-02-01-02-15.wav,5,2,1,2,15,fearful,True
03-01-06-02-02-02-15.wav,5,2,2,2,15,fearful,True
03-01-07-02-01-01-15.wav,6,2,1,1,15,disgust,True
03-01-07-01-01-02-15.wav,6,1,1,2,15,disgust,True
03-01-06-02-02-01-15.wav,5,2,2,1,15,fearful,True
03-01-06-01-02-02-15.wav,5,1,2,2,15,fearful,False
03-01-06-02-01-01-15.wav,5,2,1,1,15,fearful,True
03-01-07-02-01-02-15.wav,6,2,1,2,15,disgust,False
03-01-07-01-01-01-15.wav,6,1,1,1,15,disgust,True
03-01-08-01-02-01-15.wav,7,1,2,1,15,surprise,True
03-01-07-02-02-01-15.wav,6,2,2,1,15,disgust,False
03-01-08-02-01-01-15.wav,7,2,1,1,15,surprise,True
03-01-08-01-02-02-15.wav,7,1,2,2,15,surprise,True
03-01-07-02-02-02-15.wav,6,2,2,2,15,disgust,True
03-01-08-02-02-01-15.wav,7,2,2,1,15,surprise,True
03-01-08-01-01-01-15.wav,7,1,1,1,15,surprise,True
03-01-08-02-02-02-15.wav,7,2,2,2,15,surprise,False
03-01-08-02-01-02-15.wav,7,2,1,2,15,surprise,True
03-01-08-01-01-02-15.wav,7,1,1,2,15,surprise,True
03-01-01-01-01-02-16.wav,0,1,1,2,16,neutral,True
03-01-01-01-01-01-16.wav,0,1,1,1,16,neutral,True
03-01-01-01-02-02-16.wav,0,1,2,2,16,neutral,False
03-01-02-02-01-01-16.wav,1,2,1,1,16,calm,True
03-01-02-01-01-01-16.wav,1,1,1,1,16,calm,True
03-01-01-01-02-01-16.wav,0,1,2,1,16,neutral,True
03-01-02-02-01-02-16.wav,1,2,1,2,16,calm,False
03-01-02-01-01-02-16.wav,1,1,1,2,16,calm,True
03-01-02-02-02-01-16.wav,1,2,2,1,16,calm,True
03-01-03-01-01-02-16.wav,2,1,1,2,16,happy,False
03-01-03-01-01-01-16.wav,2,1,1,1,16,happy,True
03-01-02-01-02-01-16.wav,1,1,2,1,16,calm,True
03-01-02-02-02-02-16.wav,1,2,2,2,16,calm,True
03-01-02-01-02-02-16.wav,1,1,2,2,16,calm,True
03-01-04-02-01-01-16.wav,3,2,1,1,16,sad,True
03-01-04-01-02-02-16.wav,3,1,2,2,16,sad,True
03-01-03-02-02-01-16.wav,2,2,2,1,16,happy,False
03-01-04-01-01-01-16.wav,3,1,1,1,16,sad,True
03-01-04-01-02-01-16.wav,3,1,2,1,16,sad,True
03-01-03-01-02-02-16.wav,2,1,2,2,16,happy,True
03-01-03-02-01-01-16.wav,2,2,1,1,16,happy,True
03-01-04-01-01-02-16.wav,3,1,1,2,16,sad,False
03-01-03-02-01-02-16.wav,2,2,1,2,16,happy,True
03-01-04-02-02-02-16.wav,3,2,2,2,16,sad,True
03-01-03-02-02-02-16.wav,2,2,2,2,16,happy,True
03-01-04-02-01-02-16.wav,3,2,1,2,16,sad,True
03-01-03-01-02-01-16.wav,2,1,2,1,16,happy,True
03-01-04-02-02-01-16.wav,3,2,2,1,16,sad,False
03-01-06-01-02-01-16.wav,5,1,2,1,16,fearful,True
03-01-05-02-01-01-16.wav,4,2,1,1,16,angry,True
03-01-06-01-02-02-16.wav,5,1,2,2,16,fearful,True
03-01-05-02-02-01-16.wav,4,2,2,1,16,angry,True
03-01-05-02-02-02-16.wav,4,2,2,2,16,angry,True
03-01-06-01-01-01-16.wav,5,1,1,1,16,fearful,False
03-01-05-01-01-02-16.wav,4,1,1,2,16,angry,True
03-01-05-01-01-01-16.wav,4,1,1,1,16,angry,False
03-01-06-01-01-02-16.wav,5,1,1,2,16,fearful,False
03-01-05-01-02-01-16.wav,4,1,2,1,16,angry,True
03-01-05-02-01-02-16.wav,4,2,1,2,16,angry,True
03-01-05-01-02-02-16.wav,4,1,2,2,16,angry,False
03-01-07-01-01-02-16.wav,6,1,1,2,16,disgust,True
03-01-07-01-02-01-16.wav,6,1,2,1,16,disgust,False
03-01-07-01-01-01-16.wav,6,1,1,1,16,disgust,False
03-01-06-02-01-01-16.wav,5,2,1,1,16,fearful,True
03-01-07-01-02-02-16.wav,6,1,2,2,16,disgust,False
03-01-06-02-01-02-16.wav,5,2,1,2,16,fearful,True
03-01-07-02-02-02-16.wav,6,2,2,2,16,disgust,True
03-01-06-02-02-02-16.wav,5,2,2,2,16,fearful,True
03-01-07-02-02-01-16.wav,6,2,2,1,16,disgust,True
03-01-07-02-01-01-16.wav,6,2,1,1,16,disgust,True
03-01-07-02-01-02-16.wav,6,2,1,2,16,disgust,True
03-01-06-02-02-01-16.wav,5,2,2,1,16,fearful,True
03-01-08-02-02-01-16.wav,7,2,2,1,16,surprise,True
03-01-08-01-02-02-16.wav,7,1,2,2,16,surprise,True
03-01-08-01-01-01-16.wav,7,1,1,1,16,surprise,False
03-01-08-01-01-02-16.wav,7,1,1,2,16,surprise,True
03-01-08-01-02-01-16.wav,7,1,2,1,16,surprise,True
03-01-08-02-02-02-16.wav,7,2,2,2,16,surprise,True
03-01-08-02-01-01-16.wav,7,2,1,1,16,surprise,True
03-01-08-02-01-02-16.wav,7,2,1,2,16,surprise,False
03-01-01-01-01-01-17.wav,0,1,1,1,17,neutral,False
03-01-01-01-02-01-17.wav,0,1,2,1,17,neutral,True
03-01-01-01-01-02-17.wav,0,1,1,2,17,neutral,True
03-01-02-01-01-01-17.wav,1,1,1,1,17,calm,True
03-01-02-01-02-02-17.wav,1,1,2,2,17,calm,True
03-01-02-01-01-02-17.wav,1,1,1,2,17,calm,False
03-01-01-01-02-02-17.wav,0,1,2,2,17,neutral,False
03-01-02-01-02-01-17.wav,1,1,2,1,17,calm,True
03-01-02-02-01-01-17.wav,1,2,1,1,17,calm,True
03-01-02-02-02-02-17.wav,1,2,2,2,17,calm,False
03-01-03-02-02-02-17.wav,2,2,2,2,17,happy,False
03-01-03-01-01-01-17.wav,2,1,1,1,17,happy,True
03-01-03-01-02-02-17.wav,2,1,2,2,17,happy,True
03-01-03-01-02-01-17.wav,2,1,2,1,17,happy,True
03-01-04-01-01-02-17.wav,3,1,1,2,17,sad,True
03-01-03-01-01-02-17.wav,2,1,1,2,17,happy,False
03-01-02-02-01-02-17.wav,1,2,1,2,17,calm,True
03-01-03-02-01-01-17.wav,2,2,1,1,17,happy,True
03-01-03-02-01-02-17.wav,2,2,1,2,17,happy,True
03-01-02-02-02-01-17.wav,1,2,2,1,17,calm,False
03-01-03-02-02-01-17.wav,2,2,2,1,17,happy,True
03-01-04-01-01-01-17.wav,3,1,1,1,17,sad,True
03-01-05-01-01-02-17.wav,4,1,1,2,17,angry,True
03-01-04-02-02-02-17.wav,3,2,2,2,17,sad,True
03-01-05-01-01-01-17.wav,4,1,1,1,17,angry,False
03-01-05-01-02-01-17.wav,4,1,2,1,17,angry,True
03-01-05-02-02-01-17.wav,4,2,2,1,17,angry,False
03-01-04-02-02-01-17.wav,3,2,2,1,17,sad,True
03-01-05-01-02-02-17.wav,4,1,2,2,17,angry,True
03-01-04-01-02-02-17.wav,3,1,2,2,17,sad,True
03-01-04-02-01-01-17.wav,3,2,1,1,17,sad,True
03-01-04-01-02-01-17.wav,3,1,2,1,17,sad,True
03-01-05-02-01-01-17.wav,4,2,1,1,17,angry,True
03-01-05-02-01-02-17.wav,4,2,1,2,17,angry,False
03-01-04-02-01-02-17.wav,3,2,1,2,17,sad,True
03-01-07-01-01-02-17.wav,6,1,1,2,17,disgust,True
03-01-07-01-02-01-17.wav,6,1,2,1,17,disgust,True
03-01-06-02-01-01-17.wav,5,2,1,1,17,fearful,False
03-01-05-02-02-02-17.wav,4,2,2,2,17,angry,False
03-01-06-02-01-02-17.wav,5,2,1,2,17,fearful,True
03-01-06-01-01-02-17.wav,5,1,1,2,17,fearful,True
03-01-06-01-02-02-17.wav,5,1,2,2,17,fearful,True
03-01-06-02-02-01-17.wav,5,2,2,1,17,fearful,True
03-01-06-01-02-01-17.wav,5,1,2,1,17,fearful,True
03-01-06-02-02-02-17.wav,5,2,2,2,17,fearful,True
03-01-07-01-01-01-17.wav,6,1,1,1,17,disgust,False
03-01-07-01-02-02-17.wav,6,1,2,2,17,disgust,True
03-01-06-01-01-01-17.wav,5,1,1,1,17,fearful,False
03-01-07-02-02-01-17.wav,6,2,2,1,17,disgust,True
03-01-07-02-02-02-17.wav,6,2,2,2,17,disgust,True
03-01-08-02-01-02-17.wav,7,2,1,2,17,surprise,True
03-01-08-01-02-01-17.wav,7,1,2,1,17,surprise,True
03-01-08-01-01-01-17.wav,7,1,1,1,17,surprise,True
03-01-08-02-02-01-17.wav,7,2,2,1,17,surprise,False
03-01-08-01-01-02-17.wav,7,1,1,2,17,surprise,False
03-01-07-02-01-01-17.wav,6,2,1,1,17,disgust,True
03-01-08-02-01-01-17.wav,7,2,1,1,17,surprise,False
03-01-08-02-02-02-17.wav,7,2,2,2,17,surprise,False
03-01-08-01-02-02-17.wav,7,1,2,2,17,surprise,False
03-01-07-02-01-02-17.wav,6,2,1,2,17,disgust,True
03-01-01-01-02-02-18.wav,0,1,2,2,18,neutral,True
03-01-02-01-01-01-18.wav,1,1,1,1,18,calm,False
03-01-01-01-01-02-18.wav,0,1,1,2,18,neutral,True
03-01-01-01-01-01-18.wav,0,1,1,1,18,neutral,True
03-01-01-01-02-01-18.wav,0,1,2,1,18,neutral,True
03-01-03-01-01-02-18.wav,2,1,1,2,18,happy,True
03-01-03-01-02-02-18.wav,2,1,2,2,18,happy,True
03-01-02-02-02-02-18.wav,1,2,2,2,18,calm,True
03-01-02-02-02-01-18.wav,1,2,2,1,18,calm,True
03-01-03-02-01-01-18.wav,2,2,1,1,18,happy,False
03-01-02-01-02-02-18.wav,1,1,2,2,18,calm,True
03-01-03-01-02-01-18.wav,2,1,2,1,18,happy,True
03-01-03-02-01-02-18.wav,2,2,1,2,18,happy,True
03-01-02-02-01-02-18.wav,1,2,1,2,18,calm,False
03-01-02-01-01-02-18.wav,1,1,1,2,18,calm,True
03-01-02-02-01-01-18.wav,1,2,1,1,18,calm,True
03-01-03-01-01-01-18.wav,2,1,1,1,18,happy,True
03-01-02-01-02-01-18.wav,1,1,2,1,18,calm,True
03-01-04-01-02-02-18.wav,3,1,2,2,18,sad,True
03-01-04-01-02-01-18.wav,3,1,2,1,18,sad,False
03-01-04-02-01-01-18.wav,3,2,1,1,18,sad,True
03-01-04-02-02-02-18.wav,3,2,2,2,18,sad,False
03-01-04-01-01-02-18.wav,3,1,1,2,18,sad,False
03-01-03-02-02-01-18.wav,2,2,2,1,18,happy,True
03-01-04-02-01-02-18.wav,3,2,1,2,18,sad,True
03-01-03-02-02-02-18.wav,2,2,2,2,18,happy,True
03-01-04-01-01-01-18.wav,3,1,1,1,18,sad,False
03-01-05-01-01-01-18.wav,4,1,1,1,18,angry,True
03-01-04-02-02-01-18.wav,3,2,2,1,18,sad,True
03-01-05-01-01-02-18.wav,4,1,1,2,18,angry,True
03-01-05-01-02-02-18.wav,4,1,2,2,18,angry,True
03-01-06-01-01-01-18.wav,5,1,1,1,18,fearful,True
03-01-05-02-02-01-18.wav,4,2,2,1,18,angry,True
03-01-05-02-01-01-18.wav,4,2,1,1,18,angry,False
03-01-05-02-01-02-18.wav,4,2,1,2,18,angry,True
03-01-06-02-01-01-18.wav,5,2,1,1,18,fearful,True
03-01-05-01-02-01-18.wav,4,1,2,1,18,angry,True
03-01-06-01-01-02-18.wav,5,1,1,2,18,fearful,False
03-01-05-02-02-02-18.wav,4,2,2,2,18,angry,True
03-01-06-01-02-02-18.wav,5,1,2,2,18,fearful,True
03-01-06-01-02-01-18.wav,5,1,2,1,18,fearful,True
03-01-07-02-02-01-18.wav,6,2,2,1,18,disgust,False
03-01-07-01-02-01-18.wav,6,1,2,1,18,disgust,True
03-01-06-02-02-01-18.wav,5,2,2,1,18,fearful,True
03-01-07-01-01-01-18.wav,6,1,1,1,18,disgust,True
03-01-07-01-02-02-18.wav,6,1,2,2,18,disgust,True
03-01-07-02-01-01-18.wav,6,2,1,1,18,disgust,False
03-01-06-02-02-02-18.wav,5,2,2,2,18,fearful,True
03-01-07-01-01-02-18.wav,6,1,1,2,18,disgust,True
03-01-06-02-01-02-18.wav,5,2,1,2,18,fearful,True
03-01-07-02-01-02-18.wav,6,2,1,2,18,disgust,True
03-01-08-02-01-02-18.wav,7,2,1,2,18,surprise,True
03-01-08-02-02-01-18.wav,7,2,2,1,18,surprise,False
03-01-08-02-02-02-18.wav,7,2,2,2,18,surprise,True
03-01-08-02-01-01-18.wav,7,2,1,1,18,surprise,False
03-01-08-01-01-02-18.wav,7,1,1,2,18,surprise,True
03-01-07-02-02-02-18.wav,6,2,2,2,18,disgust,False
03-01-08-01-02-01-18.wav,7,1,2,1,18,surprise,True
03-01-08-01-01-01-18.wav,7,1,1,1,18,surprise,True
03-01-08-01-02-02-18.wav,7,1,2,2,18,surprise,True
03-01-01-01-01-01-19.wav,0,1,1,1,19,neutral,True
03-01-01-01-01-02-19.wav,0,1,1,2,19,neutral,True
03-01-02-01-01-01-19.wav,1,1,1,1,19,calm,True
03-01-02-01-02-01-19.wav,1,1,2,1,19,calm,False
03-01-02-01-01-02-19.wav,1,1,1,2,19,calm,False
03-01-02-02-02-02-19.wav,1,2,2,2,19,calm,True
03-01-02-01-02-02-19.wav,1,1,2,2,19,calm,True
03-01-02-02-01-01-19.wav,1,2,1,1,19,calm,True
03-01-01-01-02-02-19.wav,0,1,2,2,19,neutral,True
03-01-03-01-01-01-19.wav,2,1,1,1,19,happy,True
03-01-02-02-01-02-19.wav,1,2,1,2,19,calm,True
03-01-02-02-02-01-19.wav,1,2,2,1,19,calm,False
03-01-01-01-02-01-19.wav,0,1,2,1,19,neutral,True
03-01-03-01-01-02-19.wav,2,1,1,2,19,happy,True
03-01-03-01-02-02-19.wav,2,1,2,2,19,happy,True
03-01-04-01-01-01-19.wav,3,1,1,1,19,sad,True
03-01-03-02-02-02-19.wav,2,2,2,2,19,happy,True
03-01-04-01-01-02-19.wav,3,1,1,2,19,sad,True
03-01-04-01-02-01-19.wav,3,1,2,1,19,sad,True
03-01-03-02-01-02-19.wav,2,2,1,2,19,happy,True
03-01-04-02-02-01-19.wav,3,2,2,1,19,sad,False
03-01-03-01-02-01-19.wav,2,1,2,1,19,happy,True
03-01-04-02-01-01-19.wav,3,2,1,1,19,sad,True
03-01-04-01-02-02-19.wav,3,1,2,2,19,sad,True
03-01-03-02-02-01-19.wav,2,2,2,1,19,happy,True
03-01-03-02-01-01-19.wav,2,2,1,1,19,happy,False
03-01-04-02-01-02-19.wav,3,2,1,2,19,sad,False
03-01-06-01-01-01-19.wav,5,1,1,1,19,fearful,False
03-01-05-02-01-02-19.wav,4,2,1,2,19,angry,True
03-01-05-01-02-02-19.wav,4,1,2,2,19,angry,True
03-01-05-01-01-02-19.wav,4,1,1,2,19,angry,True
03-01-05-02-02-02-19.wav,4,2,2,2,19,angry,True
03-01-05-02-01-01-19.wav,4,2,1,1,19,angry,True
03-01-05-01-02-01-19.wav,4,1,2,1,19,angry,False
03-01-06-01-01-02-19.wav,5,1,1,2,19,fearful,True
03-01-06-01-02-02-19.wav,5,1,2,2,19,fearful,False
03-01-04-02-02-02-19.wav,3,2,2,2,19,sad,True
03-01-06-01-02-01-19.wav,5,1,2,1,19,fearful,True
03-01-05-02-02-01-19.wav,4,2,2,1,19,angry,False
03-01-05-01-01-01-19.wav,4,1,1,1,19,angry,True
03-01-07-02-02-01-19.wav,6,2,2,1,19,disgust,True
03-01-06-02-01-02-19.wav,5,2,1,2,19,fearful,True
03-01-07-01-02-02-19.wav,6,1,2,2,19,disgust,True
03-01-07-01-01-01-19.wav,6,1,1,1,19,disgust,True
03-01-06-02-02-02-19.wav,5,2,2,2,19,fearful,False
03-01-07-02-01-01-19.wav,6,2,1,1,19,disgust,True
03-01-07-01-02-01-19.wav,6,1,2,1,19,disgust,True
03-01-07-02-01-02-19.wav,6,2,1,2,19,disgust,True
03-01-06-02-01-01-19.wav,5,2,1,1,19,fearful,True
03-01-07-01-01-02-19.wav,6,1,1,2,19,disgust,True
03-01-06-02-02-01-19.wav,5,2,2,1,19,fearful,True
03-01-07-02-02-02-19.wav,6,2,2,2,19,disgust,False
03-01-08-02-01-02-19.wav,7,2,1,2,19,surprise,True
03-01-08-01-02-01-19.wav,7,1,2,1,19,surprise,True
03-01-08-02-02-01-19.wav,7,2,2,1,19,surprise,True
03-01-08-02-02-02-19.wav,7,2,2,2,19,surprise,True
03-01-08-01-01-01-19.wav,7,1,1,1,19,surprise,False
03-01-08-02-01-01-19.wav,7,2,1,1,19,surprise,True
03-01-08-01-01-02-19.wav,7,1,1,2,19,surprise,True
03-01-08-01-02-02-19.wav,7,1,2,2,19,surprise,True
03-01-02-01-01-01-20.wav,1,1,1,1,20,calm,True
03-01-01-01-02-02-20.wav,0,1,2,2,20,neutral,True
03-01-01-01-01-01-20.wav,0,1,1,1,20,neutral,True
03-01-02-01-02-02-20.wav,1,1,2,2,20,calm,True
03-01-02-01-02-01-20.wav,1,1,2,1,20,calm,True
03-01-01-01-02-01-20.wav,0,1,2,1,20,neutral,True
03-01-02-02-01-02-20.wav,1,2,1,2,20,calm,True
03-01-02-02-01-01-20.wav,1,2,1,1,20,calm,True
03-01-01-01-01-02-20.wav,0,1,1,2,20,neutral,True
03-01-02-01-01-02-20.wav,1,1,1,2,20,calm,False
03-01-02-02-02-01-20.wav,1,2,2,1,20,calm,True
03-01-04-01-01-02-20.wav,3,1,1,2,20,sad,True
03-01-03-01-02-01-20.wav,2,1,2,1,20,happy,True
03-01-03-02-01-01-20.wav,2,2,1,1,20,happy,True
03-01-03-02-02-02-20.wav,2,2,2,2,20,happy,True
03-01-03-02-01-02-20.wav,2,2,1,2,20,happy,True
03-01-04-01-02-01-20.wav,3,1,2,1,20,sad,False
03-01-03-02-02-01-20.wav,2,2,2,1,20,happy,False
03-01-04-01-02-02-20.wav,3,1,2,2,20,sad,False
03-01-03-01-01-01-20.wav,2,1,1,1,20,happy,True
03-01-03-01-01-02-20.wav,2,1,1,2,20,happy,True
03-01-02-02-02-02-20.wav,1,2,2,2,20,calm,True
03-01-04-01-01-01-20.wav,3,1,1,1,20,sad,True
03-01-03-01-02-02-20.wav,2,1,2,2,20,happy,True
03-01-05-02-02-01-20.wav,4,2,2,1,20,angry,True
03-01-05-01-01-01-20.wav,4,1,1,1,20,angry,True
03-01-04-02-02-02-20.wav,3,2,2,2,20,sad,True
03-01-04-02-02-01-20.wav,3,2,2,1,20,sad,False
03-01-05-01-02-01-20.wav,4,1,2,1,20,angry,True
03-01-05-01-01-02-20.wav,4,1,1,2,20,angry,False
03-01-04-02-01-01-20.wav,3,2,1,1,20,sad,True
03-01-05-01-02-02-20.wav,4,1,2,2,20,angry,True
03-01-05-02-01-02-20.wav,4,2,1,2,20,angry,True
03-01-05-02-01-01-20.wav,4,2,1,1,20,angry,False
03-01-04-02-01-02-20.wav,3,2,1,2,20,sad,False
03-01-06-01-02-01-20.wav,5,1,2,1,20,fearful,False
03-01-06-01-01-02-20.wav,5,1,1,2,20,fearful,True
03-01-06-02-02-02-20.wav,5,2,2,2,20,fearful,True
03-01-05-02-02-02-20.wav,4,2,2,2,20,angry,False
03-01-06-02-01-01-20.wav,5,2,1,1,20,fearful,True
03-01-06-01-02-02-20.wav,5,1,2,2,20,fearful,False
03-01-07-01-01-02-20.wav,6,1,1,2,20,disgust,True
03-01-06-02-01-02-20.wav,5,2,1,2,20,fearful,True
03-01-07-01-01-01-20.wav,6,1,1,1,20,disgust,True
03-01-06-02-02-01-20.wav,5,2,2,1,20,fearful,True
03-01-06-01-01-01-20.wav,5,1,1,1,20,fearful,True
03-01-07-01-02-02-20.wav,6,1,2,2,20,disgust,True
03-01-08-01-02-02-20.wav,7,1,2,2,20,surprise,True
03-01-07-02-02-02-20.wav,6,2,2,2,20,disgust,True
03-01-07-02-01-01-20.wav,6,2,1,1,20,disgust,True
03-01-07-01-02-01-20.wav,6,1,2,1,20,disgust,True
03-01-08-01-02-01-20.wav,7,1,2,1,20,surprise,True
03-01-08-01-01-02-20.wav,7,1,1,2,20,surprise,False
03-01-07-02-02-01-20.wav,6,2,2,1,20,disgust,True
03-01-08-02-01-01-20.wav,7,2,1,1,20,surprise,True
03-01-08-01-01-01-20.wav,7,1,1,1,20,surprise,True
03-01-08-02-01-02-20.wav,7,2,1,2,20,surprise,True
03-01-08-02-02-01-20.wav,7,2,2,1,20,surprise,True
03-01-07-02-01-02-20.wav,6,2,1,2,20,disgust,False
03-01-08-02-02-02-20.wav,7,2,2,2,20,surprise,False
03-01-01-01-02-01-21.wav,0,1,2,1,21,neutral,False
03-01-01-01-01-02-21.wav,0,1,1,2,21,neutral,True
03-01-02-01-01-01-21.wav,1,1,1,1,21,calm,True
03-01-01-01-02-02-21.wav,0,1,2,2,21,neutral,True
03-01-01-01-01-01-21.wav,0,1,1,1,21,neutral,False
03-01-02-01-01-02-21.wav,1,1,1,2,21,calm,True
03-01-03-02-01-01-21.wav,2,2,1,1,21,happy,False
03-01-02-01-02-01-21.wav,1,1,2,1,21,calm,True
03-01-02-02-01-02-21.wav,1,2,1,2,21,calm,True
03-01-02-02-02-02-21.wav,1,2,2,2,21,calm,True
03-01-03-01-01-02-21.wav,2,1,1,2,21,happy,True
03-01-02-01-02-02-21.wav,1,1,2,2,21,calm,False
03-01-02-02-02-01-21.wav,1,2,2,1,21,calm,True
03-01-02-02-01-01-21.wav,1,2,1,1,21,calm,True
03-01-03-01-02-02-21.wav,2,1,2,2,21,happy,True
03-01-03-01-01-01-21.wav,2,1,1,1,21,happy,True
03-01-03-01-02-01-21.wav,2,1,2,1,21,happy,True
03-01-03-02-02-02-21.wav,2,2,2,2,21,happy,False
03-01-04-01-02-01-21.wav,3,1,2,1,21,sad,True
03-01-04-01-01-01-21.wav,3,1,1,1,21,sad,False
03-01-04-02-02-01-21.wav,3,2,2,1,21,sad,True
03-01-04-02-01-02-21.wav,3,2,1,2,21,sad,True
03-01-04-01-02-02-21.wav,3,1,2,2,21,sad,True
03-01-03-02-02-01-21.wav,2,2,2,1,21,happy,False
03-01-03-02-01-02-21.wav,2,2,1,2,21,happy,False
03-01-04-02-01-01-21.wav,3,2,1,1,21,sad,True
03-01-04-02-02-02-21.wav,3,2,2,2,21,sad,True
03-01-04-01-01-02-21.wav,3,1,1,2,21,sad,True
03-01-06-01-01-01-21.wav,5,1,1,1,21,fearful,True
03-01-05-02-01-01-21.wav,4,2,1,1,21,angry,True
03-01-05-02-02-02-21.wav,4,2,2,2,21,angry,False
03-01-05-01-01-01-21.wav,4,1,1,1,21,angry,False
03-01-05-02-01-02-21.wav,4,2,1,2,21,angry,False
03-01-05-01-02-01-21.wav,4,1,2,1,21,angry,True
03-01-05-02-02-01-21.wav,4,2,2,1,21,angry,True
03-01-06-01-01-02-21.wav,5,1,1,2,21,fearful,True
03-01-06-01-02-02-21.wav,5,1,2,2,21,fearful,True
03-01-05-01-01-02-21.wav,4,1,1,2,21,angry,False
03-01-06-01-02-01-21.wav,5,1,2,1,21,fearful,True
03-01-05-01-02-02-21.wav,4,1,2,2,21,angry,False
03-01-07-02-02-01-21.wav,6,2,2,1,21,disgust,True
03-01-06-02-01-01-21.wav,5,2,1,1,21,fearful,True
03-01-08-01-02-02-21.wav,7,1,2,2,21,surprise,True
03-01-08-02-01-01-21.wav,7,2,1,1,21,surprise,True
03-01-07-02-02-02-21.wav,6,2,2,2,21,disgust,True
03-01-08-02-01-02-21.wav,7,2,1,2,21,surprise,False
03-01-08-01-02-01-21.wav,7,1,2,1,21,surprise,False
03-01-07-01-02-02-21.wav,6,1,2,2,21,disgust,True
03-01-07-02-01-02-21.wav,6,2,1,2,21,disgust,True
03-01-07-02-01-01-21.wav,6,2,1,1,21,disgust,True
03-01-07-01-01-02-21.wav,6,1,1,2,21,disgust,True
03-01-07-01-01-01-21.wav,6,1,1,1,21,disgust,True
03-01-06-02-02-01-21.wav,5,2,2,1,21,fearful,False
03-01-08-01-01-02-21.wav,7,1,1,2,21,surprise,True
03-01-08-01-01-01-21.wav,7,1,1,1,21,surprise,True
03-01-07-01-02-01-21.wav,6,1,2,1,21,disgust,True
03-01-06-02-02-02-21.wav,5,2,2,2,21,fearful,True
03-01-06-02-01-02-21.wav,5,2,1,2,21,fearful,True
03-01-08-02-02-02-21.wav,7,2,2,2,21,surprise,False
03-01-08-02-02-01-21.wav,7,2,2,1,21,surprise,True
03-01-01-01-01-01-22.wav,0,1,1,1,22,neutral,False
03-01-01-01-02-01-22.wav,0,1,2,1,22,neutral,True
03-01-01-01-01-02-22.wav,0,1,1,2,22,neutral,False
03-01-03-01-01-01-22.wav,2,1,1,1,22,happy,False
03-01-02-02-01-01-22.wav,1,2,1,1,22,calm,False
03-01-02-01-01-01-22.wav,1,1,1,1,22,calm,True
03-01-02-02-02-02-22.wav,1,2,2,2,22,calm,False
03-01-02-02-01-02-22.wav,1,2,1,2,22,calm,True
03-01-03-01-02-02-22.wav,2,1,2,2,22,happy,True
03-01-02-01-02-01-22.wav,1,1,2,1,22,calm,True
03-01-01-01-02-02-22.wav,0,1,2,2,22,neutral,True
03-01-03-01-01-02-22.wav,2,1,1,2,22,happy,True
03-01-03-01-02-01-22.wav,2,1,2,1,22,happy,False
03-01-02-02-02-01-22.wav,1,2,2,1,22,calm,True
03-01-02-01-02-02-22.wav,1,1,2,2,22,calm,True
03-01-02-01-01-02-22.wav,1,1,1,2,22,calm,False
03-01-04-01-01-02-22.wav,3,1,1,2,22,sad,True
03-01-03-02-02-02-22.wav,2,2,2,2,22,happy,True
03-01-03-02-02-01-22.wav,2,2,2,1,22,happy,True
03-01-03-02-01-02-22.wav,2,2,1,2,22,happy,True
03-01-04-02-02-01-22.wav,3,2,2,1,22,sad,False
03-01-04-02-02-02-22.wav,3,2,2,2,22,sad,True
03-01-04-01-01-01-22.wav,3,1,1,1,22,sad,False
03-01-04-01-02-01-22.wav,3,1,2,1,22,sad,True
03-01-05-01-01-01-22.wav,4,1,1,1,22,angry,True
03-01-04-02-01-01-22.wav,3,2,1,1,22,sad,False
03-01-04-01-02-02-22.wav,3,1,2,2,22,sad,True
03-01-04-02-01-02-22.wav,3,2,1,2,22,sad,True
03-01-03-02-01-01-22.wav,2,2,1,1,22,happy,False
03-01-06-01-01-01-22.wav,5,1,1,1,22,fearful,True
03-01-06-01-01-02-22.wav,5,1,1,2,22,fearful,False
03-01-06-01-02-02-22.wav,5,1,2,2,22,fearful,True
03-01-05-01-01-02-22.wav,4,1,1,2,22,angry,True
03-01-05-02-01-01-22.wav,4,2,1,1,22,angry,True
03-01-06-02-01-01-22.wav,5,2,1,1,22,fearful,False
03-01-06-01-02-01-22.wav,5,1,2,1,22,fearful,True
03-01-05-02-02-01-22.wav,4,2,2,1,22,angry,False
03-01-05-01-02-02-22.wav,4,1,2,2,22,angry,True
03-01-05-01-02-01-22.wav,4,1,2,1,22,angry,False
03-01-05-02-02-02-22.wav,4,2,2,2,22,angry,True
03-01-05-02-01-02-22.wav,4,2,1,2,22,angry,False
03-01-07-01-01-01-22.wav,6,1,1,1,22,disgust,False
03-01-07-01-02-02-22.wav,6,1,2,2,22,disgust,True
03-01-06-02-02-02-22.wav,5,2,2,2,22,fearful,False
03-01-07-02-01-02-22.wav,6,2,1,2,22,disgust,True
03-01-06-02-01-02-22.wav,5,2,1,2,22,fearful,True
03-01-06-02-02-01-22.wav,5,2,2,1,22,fearful,True
03-01-07-01-01-02-22.wav,6,1,1,2,22,disgust,True
03-01-07-02-02-02-22.wav,6,2,2,2,22,disgust,True
03-01-07-02-01-01-22.wav,6,2,1,1,22,disgust,True
03-01-07-02-02-01-22.wav,6,2,2,1,22,disgust,True
03-01-07-01-02-01-22.wav,6,1,2,1,22,disgust,False
03-01-08-02-02-01-22.wav,7,2,2,1,22,surprise,True
03-01-08-01-01-02-22.wav,7,1,1,2,22,surprise,True
03-01-08-02-02-02-22.wav,7,2,2,2,22,surprise,False
03-01-08-02-01-01-22.wav,7,2,1,1,22,surprise,True
03-01-08-01-02-02-22.wav,7,1,2,2,22,surprise,True
03-01-08-02-01-02-22.wav,7,2,1,2,22,surprise,True
03-01-08-01-02-01-22.wav,7,1,2,1,22,surprise,True
03-01-08-01-01-01-22.wav,7,1,1,1,22,surprise,False
03-01-01-01-01-01-23.wav,0,1,1,1,23,neutral,False
03-01-01-01-01-02-23.wav,0,1,1,2,23,neutral,True
03-01-03-01-01-01-23.wav,2,1,1,1,23,happy,True
03-01-02-01-01-02-23.wav,1,1,1,2,23,calm,False
03-01-02-01-01-01-23.wav,1,1,1,1,23,calm,True
03-01-02-02-02-02-23.wav,1,2,2,2,23,calm,True
03-01-01-01-02-01-23.wav,0,1,2,1,23,neutral,False
03-01-03-01-01-02-23.wav,2,1,1,2,23,happy,True
03-01-02-01-02-01-23.wav,1,1,2,1,23,calm,True
03-01-02-01-02-02-23.wav,1,1,2,2,23,calm,True
03-01-01-01-02-02-23.wav,0,1,2,2,23,neutral,False
03-01-02-02-01-01-23.wav,1,2,1,1,23,calm,True
03-01-02-02-02-01-23.wav,1,2,2,1,23,calm,True
03-01-02-02-01-02-23.wav,1,2,1,2,23,calm,False
03-01-04-01-01-01-23.wav,3,1,1,1,23,sad,True
03-01-03-01-02-02-23.wav,2,1,2,2,23,happy,False
03-01-03-02-01-02-23.wav,2,2,1,2,23,happy,False
03-01-04-02-01-01-23.wav,3,2,1,1,23,sad,False
03-01-03-02-02-02-23.wav,2,2,2,2,23,happy,True
03-01-04-01-01-02-23.wav,3,1,1,2,23,sad,True
03-01-03-02-01-01-23.wav,2,2,1,1,23,happy,True
03-01-04-01-02-02-23.wav,3,1,2,2,23,sad,True
03-01-03-02-02-01-23.wav,2,2,2,1,23,happy,False
03-01-04-01-02-01-23.wav,3,1,2,1,23,sad,True
03-01-04-02-01-02-23.wav,3,2,1,2,23,sad,True
03-01-03-01-02-01-23.wav,2,1,2,1,23,happy,False
03-01-04-02-02-01-23.wav,3,2,2,1,23,sad,True
03-01-05-02-02-02-23.wav,4,2,2,2,23,angry,True
03-01-05-01-02-01-23.wav,4,1,2,1,23,angry,True
03-01-05-02-01-02-23.wav,4,2,1,2,23,angry,True
03-01-05-02-01-01-23.wav,4,2,1,1,23,angry,True
03-01-06-01-02-02-23.wav,5,1,2,2,23,fearful,True
03-01-06-01-01-02-23.wav,5,1,1,2,23,fearful,True
03-01-05-01-01-02-23.wav,4,1,1,2,23,angry,True
03-01-06-01-02-01-23.wav,5,1,2,1,23,fearful,True
03-01-04-02-02-02-23.wav,3,2,2,2,23,sad,True
03-01-05-01-01-01-23.wav,4,1,1,1,23,angry,False
03-01-05-02-02-01-23.wav,4,2,2,1,23,angry,True
03-01-06-01-01-01-23.wav,5,1,1,1,23,fearful,True
03-01-05-01-02-02-23.wav,4,1,2,2,23,angry,False
03-01-07-01-01-02-23.wav,6,1,1,2,23,disgust,True
03-01-07-02-02-02-23.wav,6,2,2,2,23,disgust,True
03-01-07-01-01-01-23.wav,6,1,1,1,23,disgust,True
03-01-08-01-01-01-23.wav,7,1,1,1,23,surprise,True
03-01-07-02-01-02-23.wav,6,2,1,2,23,disgust,True
03-01-07-01-02-01-23.wav,6,1,2,1,23,disgust,True
03-01-06-02-02-02-23.wav,5,2,2,2,23,fearful,True
03-01-06-02-02-01-23.wav,5,2,2,1,23,fearful,True
03-01-07-02-02-01-23.wav,6,2,2,1,23,disgust,True
03-01-06-02-01-01-23.wav,5,2,1,1,23,fearful,True
03-01-07-02-01-01-23.wav,6,2,1,1,23,disgust,True
03-01-07-01-02-02-23.wav,6,1,2,2,23,disgust,True
03-01-06-02-01-02-23.wav,5,2,1,2,23,fearful,True
03-01-08-02-01-01-23.wav,7,2,1,1,23,surprise,True
03-01-08-01-01-02-23.wav,7,1,1,2,23,surprise,False
03-01-08-01-02-02-23.wav,7,1,2,2,23,surprise,True
03-01-08-02-02-01-23.wav,7,2,2,1,23,surprise,True
03-01-08-02-02-02-23.wav,7,2,2,2,23,surprise,True
03-01-08-01-02-01-23.wav,7,1,2,1,23,surprise,False
03-01-08-02-01-02-23.wav,7,2,1,2,23,surprise,True
03-01-02-01-01-01-24.wav,1,1,1,1,24,calm,False
03-01-01-01-01-01-24.wav,0,1,1,1,24,neutral,True
03-01-01-01-01-02-24.wav,0,1,1,2,24,neutral,True
03-01-01-01-02-02-24.wav,0,1,2,2,24,neutral,False
03-01-01-01-02-01-24.wav,0,1,2,1,24,neutral,True
03-01-03-01-02-02-24.wav,2,1,2,2,24,happy,False
03-01-02-02-02-01-24.wav,1,2,2,1,24,calm,True
03-01-03-01-02-01-24.wav,2,1,2,1,24,happy,False
03-01-02-02-01-01-24.wav,1,2,1,1,24,calm,False
03-01-03-02-01-01-24.wav,2,2,1,1,24,happy,True
03-01-02-01-02-01-24.wav,1,1,2,1,24,calm,True
03-01-03-01-01-01-24.wav,2,1,1,1,24,happy,False
03-01-03-02-01-02-24.wav,2,2,1,2,24,happy,True
03-01-03-01-01-02-24.wav,2,1,1,2,24,happy,True
03-01-02-02-01-02-24.wav,1,2,1,2,24,calm,True
03-01-02-01-02-02-24.wav,1,1,2,2,24,calm,True
03-01-02-01-01-02-24.wav,1,1,1,2,24,calm,True
03-01-02-02-02-02-24.wav,1,2,2,2,24,calm,True
03-01-03-02-02-01-24.wav,2,2,2,1,24,happy,True
03-01-04-02-02-02-24.wav,3,2,2,2,24,sad,True
03-01-04-01-02-01-24.wav,3,1,2,1,24,sad,True
03-01-04-02-01-02-24.wav,3,2,1,2,24,sad,True
03-01-04-01-01-01-24.wav,3,1,1,1,24,sad,False
03-01-05-01-01-02-24.wav,4,1,1,2,24,angry,True
03-01-04-01-01-02-24.wav,3,1,1,2,24,sad,True
03-01-04-01-02-02-24.wav,3,1,2,2,24,sad,False
03-01-04-02-01-01-24.wav,3,2,1,1,24,sad,True
03-01-05-01-01-01-24.wav,4,1,1,1,24,angry,False
03-01-03-02-02-02-24.wav,2,2,2,2,24,happy,True
03-01-04-02-02-01-24.wav,3,2,2,1,24,sad,True
03-01-05-02-01-01-24.wav,4,2,1,1,24,angry,True
03-01-05-02-02-01-24.wav,4,2,2,1,24,angry,True
03-01-06-01-02-01-24.wav,5,1,2,1,24,fearful,True
03-01-05-02-01-02-24.wav,4,2,1,2,24,angry,False
03-01-06-01-02-02-24.wav,5,1,2,2,24,fearful,True
03-01-06-02-01-01-24.wav,5,2,1,1,24,fearful,False
03-01-05-01-02-01-24.wav,4,1,2,1,24,angry,True
03-01-06-02-01-02-24.wav,5,2,1,2,24,fearful,True
03-01-06-01-01-01-24.wav,5,1,1,1,24,fearful,True
03-01-06-02-02-02-24.wav,5,2,2,2,24,fearful,False
03-01-05-02-02-02-24.wav,4,2,2,2,24,angry,False
03-01-06-02-02-01-24.wav,5,2,2,1,24,fearful,True
03-01-06-01-01-02-24.wav,5,1,1,2,24,fearful,False
03-01-05-01-02-02-24.wav,4,1,2,2,24,angry,True
03-01-07-02-02-01-24.wav,6,2,2,1,24,disgust,False
03-01-07-02-01-01-24.wav,6,2,1,1,24,disgust,False
03-01-07-01-01-02-24.wav,6,1,1,2,24,disgust,True
03-01-07-01-02-01-24.wav,6,1,2,1,24,disgust,True
03-01-07-02-01-02-24.wav,6,2,1,2,24,disgust,True
03-01-08-01-01-02-24.wav,7,1,1,2,24,surprise,True
03-01-07-01-02-02-24.wav,6,1,2,2,24,disgust,False
03-01-08-02-01-01-24.wav,7,2,1,1,24,surprise,True
03-01-07-01-01-01-24.wav,6,1,1,1,24,disgust,True
03-01-08-01-02-01-24.wav,7,1,2,1,24,surprise,False
03-01-07-02-02-02-24.wav,6,2,2,2,24,disgust,True
03-01-08-01-01-01-24.wav,7,1,1,1,24,surprise,True
03-01-08-01-02-02-24.wav,7,1,2,2,24,surprise,True
03-01-08-02-02-01-24.wav,7,2,2,1,24,surprise,True
03-01-08-02-02-02-24.wav,7,2,2,2,24,surprise,True
03-01-08-02-01-02-24.wav,7,2,1,2,24,surprise,True
03-01-02-02-01-01-01.wav,1,2,1,1,1,calm,True
03-01-01-01-02-01-01.wav,0,1,2,1,1,neutral,True
03-01-02-01-02-01-01.wav,1,1,2,1,1,calm,True
03-01-01-01-01-01-01.wav,0,1,1,1,1,neutral,True
03-01-02-01-02-02-01.wav,1,1,2,2,1,calm,False
03-01-02-01-01-01-01.wav,1,1,1,1,1,calm,True
03-01-01-01-02-02-01.wav,0,1,2,2,1,neutral,True
03-01-01-01-01-02-01.wav,0,1,1,2,1,neutral,True
03-01-02-01-01-02-01.wav,1,1,1,2,1,calm,True
03-01-04-02-01-02-01.wav,3,2,1,2,1,sad,True
03-01-03-01-01-02-01.wav,2,1,1,2,1,happy,True
03-01-04-02-01-01-01.wav,3,2,1,1,1,sad,True
03-01-04-01-02-02-01.wav,3,1,2,2,1,sad,True
03-01-03-01-02-01-01.wav,2,1,2,1,1,happy,True
03-01-03-02-01-01-01.wav,2,2,1,1,1,happy,True
03-01-03-02-01-02-01.wav,2,2,1,2,1,happy,False
03-01-04-02-02-02-01.wav,3,2,2,2,1,sad,True
03-01-02-02-01-02-01.wav,1,2,1,2,1,calm,True
03-01-04-01-01-01-01.wav,3,1,1,1,1,sad,False
03-01-04-01-01-02-01.wav,3,1,1,2,1,sad,True
03-01-02-02-02-01-01.wav,1,2,2,1,1,calm,True
03-01-03-01-01-01-01.wav,2,1,1,1,1,happy,False
03-01-04-02-02-01-01.wav,3,2,2,1,1,sad,True
03-01-04-01-02-01-01.wav,3,1,2,1,1,sad,True
03-01-02-02-02-02-01.wav,1,2,2,2,1,calm,True
03-01-03-02-02-02-01.wav,2,2,2,2,1,happy,True
03-01-03-02-02-01-01.wav,2,2,2,1,1,happy,False
03-01-03-01-02-02-01.wav,2,1,2,2,1,happy,True
03-01-07-01-02-02-01.wav,6,1,2,2,1,disgust,False
03-01-06-02-02-02-01.wav,5,2,2,2,1,fearful,True
03-01-07-02-02-01-01.wav,6,2,2,1,1,disgust,False
03-01-05-01-02-01-01.wav,4,1,2,1,1,angry,True
03-01-06-01-01-02-01.wav,5,1,1,2,1,fearful,True
03-01-07-02-01-02-01.wav,6,2,1,2,1,disgust,True
03-01-07-01-01-02-01.wav,6,1,1,2,1,disgust,True
03-01-06-02-01-01-01.wav,5,2,1,1,1,fearful,True
03-01-06-01-01-01-01.wav,5,1,1,1,1,fearful,True
03-01-07-01-01-01-01.wav,6,1,1,1,1,disgust,False
03-01-05-01-01-02-01.wav,4,1,1,2,1,angry,True
03-01-05-01-02-02-01.wav,4,1,2,2,1,angry,True
03-01-05-02-01-02-01.wav,4,2,1,2,1,angry,True
03-01-05-02-02-02-01.wav,4,2,2,2,1,angry,True
03-01-05-02-02-01-01.wav,4,2,2,1,1,angry,True
03-01-05-02-01-01-01.wav,4,2,1,1,1,angry,True
03-01-05-01-01-01-01.wav,4,1,1,1,1,angry,True
03-01-06-01-02-02-01.wav,5,1,2,2,1,fearful,False
03-01-07-02-01-01-01.wav,6,2,1,1,1,disgust,True
03-01-06-01-02-01-01.wav,5,1,2,1,1,fearful,True
03-01-06-02-01-02-01.wav,5,2,1,2,1,fearful,True
03-01-07-01-02-01-01.wav,6,1,2,1,1,disgust,True
03-01-06-02-02-01-01.wav,5,2,2,1,1,fearful,True
03-01-08-02-02-02-01.wav,7,2,2,2,1,surprise,True
03-01-08-01-01-02-01.wav,7,1,1,2,1,surprise,True
03-01-08-01-02-02-01.wav,7,1,2,2,1,surprise,True
03-01-08-02-01-02-01.wav,7,2,1,2,1,surprise,True
03-01-08-01-02-01-01.wav,7,1,2,1,1,surprise,True
03-01-08-02-01-01-01.wav,7,2,1,1,1,surprise,True
03-01-08-02-02-01-01.wav,7,2,2,1,1,surprise,True
03-01-08-01-01-01-01.wav,7,1,1,1,1,surprise,False
03-01-07-02-02-02-01.wav,6,2,2,2,1,disgust,True
03-01-01-01-01-01-02.wav,0,1,1,1,2,neutral,True
03-01-01-01-01-02-02.wav,0,1,1,2,2,neutral,False
03-01-01-01-02-01-02.wav,0,1,2,1,2,neutral,True
03-01-02-02-01-01-02.wav,1,2,1,1,2,calm,True
03-01-02-01-01-01-02.wav,1,1,1,1,2,calm,True
03-01-02-01-02-01-02.wav,1,1,2,1,2,calm,True
03-01-02-02-02-01-02.wav,1,2,2,1,2,calm,True
03-01-02-01-01-02-02.wav,1,1,1,2,2,calm,True
03-01-03-01-02-01-02.wav,2,1,2,1,2,happy,False
03-01-03-01-01-02-02.wav,2,1,1,2,2,happy,True
03-01-01-01-02-02-02.wav,0,1,2,2,2,neutral,True
03-01-03-01-02-02-02.wav,2,1,2,2,2,happy,True
03-01-03-01-01-01-02.wav,2,1,1,1,2,happy,True
03-01-02-02-02-02-02.wav,1,2,2,2,2,calm,True
03-01-02-02-01-02-02.wav,1,2,1,2,2,calm,True
03-01-02-01-02-02-02.wav,1,1,2,2,2,calm,False
03-01-03-02-02-02-02.wav,2,2,2,2,2,happy,True
03-01-04-02-02-01-02.wav,3,2,2,1,2,sad,True
03-01-03-02-01-02-02.wav,2,2,1,2,2,happy,True
03-01-03-02-01-01-02.wav,2,2,1,1,2,happy,True
03-01-04-01-01-01-02.wav,3,1,1,1,2,sad,False
03-01-03-02-02-01-02.wav,2,2,2,1,2,happy,True
03-01-04-01-02-01-02.wav,3,1,2,1,2,sad,True
03-01-04-01-01-02-02.wav,3,1,1,2,2,sad,True
03-01-05-01-01-01-02.wav,4,1,1,1,2,angry,True
03-01-04-02-01-01-02.wav,3,2,1,1,2,sad,True
03-01-04-01-02-02-02.wav,3,1,2,2,2,sad,True
03-01-04-02-02-02-02.wav,3,2,2,2,2,sad,True
03-01-04-02-01-02-02.wav,3,2,1,2,2,sad,True
03-01-06-01-01-01-02.wav,5,1,1,1,2,fearful,False
03-01-05-01-02-01-02.wav,4,1,2,1,2,angry,True
03-01-05-02-01-02-02.wav,4,2,1,2,2,angry,True
03-01-05-01-01-02-02.wav,4,1,1,2,2,angry,True
03-01-05-02-02-02-02.wav,4,2,2,2,2,angry,True
03-01-06-02-01-01-02.wav,5,2,1,1,2,fearful,True
03-01-05-01-02-02-02.wav,4,1,2,2,2,angry,False
03-01-06-02-02-01-02.wav,5,2,2,1,2,fearful,True
03-01-06-01-02-01-02.wav,5,1,2,1,2,fearful,False
03-01-06-01-01-02-02.wav,5,1,1,2,2,fearful,False
03-01-06-01-02-02-02.wav,5,1,2,2,2,fearful,True
03-01-05-02-01-01-02.wav,4,2,1,1,2,angry,False
03-01-06-02-01-02-02.wav,5,2,1,2,2,fearful,True
03-01-05-02-02-01-02.wav,4,2,2,1,2,angry,True
03-01-08-01-02-01-02.wav,7,1,2,1,2,surprise,True
03-01-07-01-02-02-02.wav,6,1,2,2,2,disgust,False
03-01-07-01-01-01-02.wav,6,1,1,1,2,disgust,False
03-01-07-02-02-02-02.wav,6,2,2,2,2,disgust,False
03-01-07-02-02-01-02.wav,6,2,2,1,2,disgust,True
03-01-08-01-01-02-02.wav,7,1,1,2,2,surprise,True
03-01-07-02-01-01-02.wav,6,2,1,1,2,disgust,False
03-01-06-02-02-02-02.wav,5,2,2,2,2,fearful,True
03-01-08-01-01-01-02.wav,7,1,1,1,2,surprise,True
03-01-07-02-01-02-02.wav,6,2,1,2,2,disgust,True
03-01-07-01-02-01-02.wav,6,1,2,1,2,disgust,False
03-01-07-01-01-02-02.wav,6,1,1,2,2,disgust,True
03-01-08-01-02-02-02.wav,7,1,2,2,2,surprise,True
03-01-08-02-02-02-02.wav,7,2,2,2,2,surprise,True
03-01-08-02-01-02-02.wav,7,2,1,2,2,surprise,True
03-01-08-02-02-01-02.wav,7,2,2,1,2,surprise,True
03-01-08-02-01-01-02.wav,7,2,1,1,2,surprise,True
03-01-02-01-01-02-03.wav,1,1,1,2,3,calm,True
03-01-02-01-02-02-03.wav,1,1,2,2,3,calm,True
03-01-01-01-02-02-03.wav,0,1,2,2,3,neutral,True
03-01-02-01-02-01-03.wav,1,1,2,1,3,calm,True
03-01-01-01-01-01-03.wav,0,1,1,1,3,neutral,True
03-01-01-01-02-01-03.wav,0,1,2,1,3,neutral,True
03-01-01-01-01-02-03.wav,0,1,1,2,3,neutral,False
03-01-02-01-01-01-03.wav,1,1,1,1,3,calm,False
03-01-03-01-01-02-03.wav,2,1,1,2,3,happy,True
03-01-02-02-01-01-03.wav,1,2,1,1,3,calm,True
03-01-03-02-01-02-03.wav,2,2,1,2,3,happy,False
03-01-02-02-02-01-03.wav,1,2,2,1,3,calm,True
03-01-04-01-02-02-03.wav,3,1,2,2,3,sad,True
03-01-03-01-02-02-03.wav,2,1,2,2,3,happy,True
03-01-03-02-02-01-03.wav,2,2,2,1,3,happy,True
03-01-03-01-02-01-03.wav,2,1,2,1,3,happy,True
03-01-04-01-02-01-03.wav,3,1,2,1,3,sad,True
03-01-04-01-01-02-03.wav,3,1,1,2,3,sad,False
03-01-03-02-02-02-03.wav,2,2,2,2,3,happy,False
03-01-02-02-01-02-03.wav,1,2,1,2,3,calm,True
03-01-03-02-01-01-03.wav,2,2,1,1,3,happy,True
03-01-04-01-01-01-03.wav,3,1,1,1,3,sad,True
03-01-03-01-01-01-03.wav,2,1,1,1,3,happy,True
03-01-02-02-02-02-03.wav,1,2,2,2,3,calm,True
03-01-05-02-01-01-03.wav,4,2,1,1,3,angry,True
03-01-05-02-02-02-03.wav,4,2,2,2,3,angry,True
03-01-06-01-01-01-03.wav,5,1,1,1,3,fearful,True
03-01-04-02-02-01-03.wav,3,2,2,1,3,sad,True
03-01-05-01-02-01-03.wav,4,1,2,1,3,angry,True
03-01-05-02-02-01-03.wav,4,2,2,1,3,angry,False
03-01-05-01-01-02-03.wav,4,1,1,2,3,angry,True
03-01-04-02-01-01-03.wav,3,2,1,1,3,sad,False
03-01-05-01-01-01-03.wav,4,1,1,1,3,angry,True
03-01-06-01-01-02-03.wav,5,1,1,2,3,fearful,False
03-01-05-01-02-02-03.wav,4,1,2,2,3,angry,True
03-01-04-02-01-02-03.wav,3,2,1,2,3,sad,True
03-01-06-01-02-01-03.wav,5,1,2,1,3,fearful,True
03-01-05-02-01-02-03.wav,4,2,1,2,3,angry,True
03-01-04-02-02-02-03.wav,3,2,2,2,3,sad,False
03-01-06-02-01-01-03.wav,5,2,1,1,3,fearful,True
03-01-06-02-02-01-03.wav,5,2,2,1,3,fearful,False
03-01-08-01-01-01-03.wav,7,1,1,1,3,surprise,True
03-01-06-02-01-02-03.wav,5,2,1,2,3,fearful,True
03-01-07-01-01-02-03.wav,6,1,1,2,3,disgust,True
03-01-07-01-01-01-03.wav,6,1,1,1,3,disgust,True
03-01-06-02-02-02-03.wav,5,2,2,2,3,fearful,True
03-01-07-02-01-01-03.wav,6,2,1,1,3,disgust,True
03-01-07-01-02-02-03.wav,6,1,2,2,3,disgust,True
03-01-07-02-02-02-03.wav,6,2,2,2,3,disgust,True
03-01-07-01-02-01-03.wav,6,1,2,1,3,disgust,False
03-01-07-02-02-01-03.wav,6,2,2,1,3,disgust,True
03-01-08-01-01-02-03.wav,7,1,1,2,3,surprise,True
03-01-07-02-01-02-03.wav,6,2,1,2,3,disgust,True
03-01-06-01-02-02-03.wav,5,1,2,2,3,fearful,True
03-01-08-01-02-01-03.wav,7,1,2,1,3,surprise,True
03-01-08-01-02-02-03.wav,7,1,2,2,3,surprise,True
03-01-08-02-02-01-03.wav,7,2,2,1,3,surprise,False
03-01-08-02-01-01-03.wav,7,2,1,1,3,surprise,True
03-01-08-02-01-02-03.wav,7,2,1,2,3,surprise,True
03-01-08-02-02-02-03.wav,7,2,2,2,3,surprise,True
03-01-01-01-01-02-04.wav,0,1,1,2,4,neutral,False
03-01-01-01-02-02-04.wav,0,1,2,2,4,neutral,True
03-01-01-01-01-01-04.wav,0,1,1,1,4,neutral,True
03-01-01-01-02-01-04.wav,0,1,2,1,4,neutral,True
03-01-02-02-01-02-04.wav,1,2,1,2,4,calm,True
03-01-03-02-01-01-04.wav,2,2,1,1,4,happy,True
03-01-02-01-02-02-04.wav,1,1,2,2,4,calm,True
03-01-03-01-01-01-04.wav,2,1,1,1,4,happy,False
03-01-04-01-01-01-04.wav,3,1,1,1,4,sad,True
03-01-02-02-02-02-04.wav,1,2,2,2,4,calm,True
03-01-03-01-02-02-04.wav,2,1,2,2,4,happy,False
03-01-02-02-01-01-04.wav,1,2,1,1,4,calm,True
03-01-03-02-01-02-04.wav,2,2,1,2,4,happy,False
03-01-02-01-01-01-04.wav,1,1,1,1,4,calm,False
03-01-03-01-02-01-04.wav,2,1,2,1,4,happy,True
03-01-03-02-02-01-04.wav,2,2,2,1,4,happy,True
03-01-03-01-01-02-04.wav,2,1,1,2,4,happy,True
03-01-03-02-02-02-04.wav,2,2,2,2,4,happy,True
03-01-02-01-02-01-04.wav,1,1,2,1,4,calm,True
03-01-02-02-02-01-04.wav,1,2,2,1,4,calm,True
03-01-02-01-01-02-04.wav,1,1,1,2,4,calm,True
03-01-04-02-01-01-04.wav,3,2,1,1,4,sad,True
03-01-04-02-02-01-04.wav,3,2,2,1,4,sad,True
03-01-04-02-02-02-04.wav,3,2,2,2,4,sad,True
03-01-05-02-01-02-04.wav,4,2,1,2,4,angry,False
03-01-05-01-01-02-04.wav,4,1,1,2,4,angry,True
03-01-04-02-01-02-04.wav,3,2,1,2,4,sad,True
03-01-05-01-02-01-04.wav,4,1,2,1,4,angry,True
03-01-05-01-02-02-04.wav,4,1,2,2,4,angry,False
03-01-05-01-01-01-04.wav,4,1,1,1,4,angry,True
03-01-05-02-01-01-04.wav,4,2,1,1,4,angry,True
03-01-04-01-02-01-04.wav,3,1,2,1,4,sad,True
03-01-04-01-02-02-04.wav,3,1,2,2,4,sad,True
03-01-04-01-01-02-04.wav,3,1,1,2,4,sad,True
03-01-06-01-01-01-04.wav,5,1,1,1,4,fearful,True
03-01-06-02-02-02-04.wav,5,2,2,2,4,fearful,True
03-01-06-01-01-02-04.wav,5,1,1,2,4,fearful,True
03-01-05-02-02-01-04.wav,4,2,2,1,4,angry,False
03-01-06-02-01-02-04.wav,5,2,1,2,4,fearful,False
03-01-06-01-02-02-04.wav,5,1,2,2,4,fearful,False
03-01-06-01-02-01-04.wav,5,1,2,1,4,fearful,True
03-01-06-02-01-01-04.wav,5,2,1,1,4,fearful,True
03-01-06-02-02-01-04.wav,5,2,2,1,4,fearful,True
03-01-07-01-02-01-04.wav,6,1,2,1,4,disgust,True
03-01-05-02-02-02-04.wav,4,2,2,2,4,angry,True
03-01-07-01-01-02-04.wav,6,1,1,2,4,disgust,True
03-01-07-01-01-01-04.wav,6,1,1,1,4,disgust,True
03-01-07-02-01-02-04.wav,6,2,1,2,4,disgust,False
03-01-08-02-01-02-04.wav,7,2,1,2,4,surprise,True
03-01-08-02-01-01-04.wav,7,2,1,1,4,surprise,True
03-01-07-02-02-02-04.wav,6,2,2,2,4,disgust,True
03-01-07-01-02-02-04.wav,6,1,2,2,4,disgust,True
03-01-08-01-02-01-04.wav,7,1,2,1,4,surprise,True
03-01-08-01-01-02-04.wav,7,1,1,2,4,surprise,True
03-01-08-02-02-01-04.wav,7,2,2,1,4,surprise,False
03-01-07-02-02-01-04.wav,6,2,2,1,4,disgust,True
03-01-08-02-02-02-04.wav,7,2,2,2,4,surprise,False
03-01-07-02-01-01-04.wav,6,2,1,1,4,disgust,False
03-01-08-01-02-02-04.wav,7,1,2,2,4,surprise,True
03-01-08-01-01-01-04.wav,7,1,1,1,4,surprise,True
03-01-01-01-01-01-05.wav,0,1,1,1,5,neutral,True
03-01-01-01-01-02-05.wav,0,1,1,2,5,neutral,True
03-01-01-01-02-02-05.wav,0,1,2,2,5,neutral,True
03-01-01-01-02-01-05.wav,0,1,2,1,5,neutral,False
03-01-02-01-01-02-05.wav,1,1,1,2,5,calm,False
03-01-02-01-01-01-05.wav,1,1,1,1,5,calm,True
03-01-03-02-01-01-05.wav,2,2,1,1,5,happy,True
03-01-02-02-02-01-05.wav,1,2,2,1,5,calm,False
03-01-03-02-01-02-05.wav,2,2,1,2,5,happy,True
03-01-02-02-01-01-05.wav,1,2,1,1,5,calm,True
03-01-03-01-01-01-05.wav,2,1,1,1,5,happy,True
03-01-03-01-01-02-05.wav,2,1,1,2,5,happy,True
03-01-03-01-02-02-05.wav,2,1,2,2,5,happy,True
03-01-02-02-01-02-05.wav,1,2,1,2,5,calm,True
03-01-02-02-02-02-05.wav,1,2,2,2,5,calm,False
03-01-02-01-02-02-05.wav,1,1,2,2,5,calm,True
03-01-03-02-02-01-05.wav,2,2,2,1,5,happy,True
03-01-03-01-02-01-05.wav,2,1,2,1,5,happy,True
03-01-02-01-02-01-05.wav,1,1,2,1,5,calm,True
03-01-04-01-01-02-05.wav,3,1,1,2,5,sad,True
03-01-05-01-02-01-05.wav,4,1,2,1,5,angry,False
03-01-04-01-02-01-05.wav,3,1,2,1,5,sad,True
03-01-04-02-01-01-05.wav,3,2,1,1,5,sad,True
03-01-05-01-01-01-05.wav,4,1,1,1,5,angry,True
03-01-04-02-01-02-05.wav,3,2,1,2,5,sad,True
03-01-05-02-02-02-05.wav,4,2,2,2,5,angry,True
03-01-04-02-02-01-05.wav,3,2,2,1,5,sad,True
03-01-05-02-01-01-05.wav,4,2,1,1,5,angry,True
03-01-03-02-02-02-05.wav,2,2,2,2,5,happy,True
03-01-05-02-01-02-05.wav,4,2,1,2,5,angry,True
03-01-04-01-01-01-05.wav,3,1,1,1,5,sad,True
03-01-04-01-02-02-05.wav,3,1,2,2,5,sad,True
03-01-05-01-02-02-05.wav,4,1,2,2,5,angry,True
03-01-05-01-01-02-05.wav,4,1,1,2,5,angry,False
03-01-05-02-02-01-05.wav,4,2,2,1,5,angry,False
03-01-04-02-02-02-05.wav,3,2,2,2,5,sad,True
03-01-06-02-01-02-05.wav,5,2,1,2,5,fearful,False
03-01-06-01-02-01-05.wav,5,1,2,1,5,fearful,True
03-01-06-01-01-02-05.wav,5,1,1,2,5,fearful,True
03-01-07-01-02-01-05.wav,6,1,2,1,5,disgust,False
03-01-06-01-02-02-05.wav,5,1,2,2,5,fearful,True
03-01-07-01-02-02-05.wav,6,1,2,2,5,disgust,True
03-01-07-02-02-01-05.wav,6,2,2,1,5,disgust,True
03-01-06-02-01-01-05.wav,5,2,1,1,5,fearful,True
03-01-07-02-01-01-05.wav,6,2,1,1,5,disgust,True
03-01-07-01-01-01-05.wav,6,1,1,1,5,disgust,True
03-01-06-02-02-01-05.wav,5,2,2,1,5,fearful,False
03-01-07-02-01-02-05.wav,6,2,1,2,5,disgust,True
03-01-06-02-02-02-05.wav,5,2,2,2,5,fearful,True
03-01-07-01-01-02-05.wav,6,1,1,2,5,disgust,True
03-01-06-01-01-01-05.wav,5,1,1,1,5,fearful,False
03-01-07-02-02-02-05.wav,6,2,2,2,5,disgust,True
03-01-08-02-02-01-05.wav,7,2,2,1,5,surprise,False
03-01-08-02-02-02-05.wav,7,2,2,2,5,surprise,False
03-01-08-01-01-02-05.wav,7,1,1,2,5,surprise,True
03-01-08-01-02-02-05.wav,7,1,2,2,5,surprise,True
03-01-08-02-01-01-05.wav,7,2,1,1,5,surprise,False
03-01-08-02-01-02-05.wav,7,2,1,2,5,surprise,True
03-01-08-01-02-01-05.wav,7,1,2,1,5,surprise,True
03-01-08-01-01-01-05.wav,7,1,1,1,5,surprise,True
